id;name;email;phone;avatar_url;status;created_at;updated_at
667f98b1-b57c-401d-b571-5201b103df59;Veronica Mwangi;veronicamwangi@totmr.com;0700000000;;active;2026-05-06 09:31:28.622251+00;2026-05-06 09:31:28.846654+00
8af08a10-5cc5-4ed3-97e0-9fdacbd61e14;Samuel Mwaura;samuelmwaura@totmr.com;0700000000;;active;2026-05-06 09:36:10.296381+00;2026-05-06 09:36:10.401388+00
5f706528-4c97-4944-9dec-bce56cb93284;Ann Njeri;annnjeri@totmr.com;0700000000;;active;2026-05-06 09:39:23.294615+00;2026-05-06 09:39:23.356836+00
5e0974e5-11d9-47e9-a708-35a1031daacd;Damaris Wangechi;damariswangechi@totmr.com;0759595006;;active;2026-05-06 09:45:44.542374+00;2026-05-06 09:45:44.770663+00
60f93cfd-501b-4f04-88ab-0229d3e51509;Caxton Waiyaki;caxtonwaiyaki@totmr.com;0718905663;;active;2026-05-06 09:52:31.862134+00;2026-05-06 09:52:32.217287+00
1eaea81b-b991-497c-8d2d-7667ca312d34;Zipporah Nyambura;zipporahnyambura@totmr.com;0700000000;;active;2026-05-06 09:59:27.959751+00;2026-05-06 09:59:28.070125+00
5f549baf-5bb9-4185-b4e3-48b98d943df2;Admin;jckym001@gmail.com;0711417509;;active;2025-12-31 11:43:13.354164+00;2026-01-08 13:52:17.152367+00
c54028c8-8de2-493d-9a07-ad545195595a;Godfrey Manyara;godfreymanyara@totmr.com;0700000000;;active;2026-05-06 10:02:08.825944+00;2026-05-06 10:02:09.089631+00
7a755f14-4a62-437a-94fe-745665ccd313;Paskwel Gitau;paskwelgitau@totmr.com;0724608926;;active;2026-05-06 10:07:28.868337+00;2026-05-06 10:07:28.946313+00
960ceedb-bf3a-4df7-81fd-670f48de81b9;Leah Kingiu;leahkingiu@totmr.com;0700000000;;active;2026-05-06 10:28:23.685154+00;2026-05-06 10:28:23.81589+00
5911e12f-50fe-4fdb-90ff-579b40df0dde;Simon Maina;simonmaina@totmr.com;0700000000;;active;2026-05-06 10:31:59.368825+00;2026-05-06 10:31:59.510155+00
6109b501-c89c-4801-8955-38b1db8fa275;Margaret;margaretngorika@totmr.com;0700000000;;active;2026-05-06 10:38:41.79171+00;2026-05-06 10:38:41.888742+00
db9c95e2-ed8f-49d9-a559-121ed7eacfa5;Eunce Mwihaki;euncemwihaki@totmr.com;0700000000;;active;2026-05-06 10:40:37.120385+00;2026-05-06 10:40:37.178387+00
f8122072-1703-43e5-8b35-fbd212fccced;Jeremiah Kibucho;mrmanager@gmail.com;0728617217;;active;2026-01-21 11:21:26.614105+00;2026-01-21 11:21:44.577127+00
3fccbb31-ace0-4d17-bcf7-697af2590e73;Jecinta Mwarangu;jecintamwarangu@totmr.com;0700000000;;active;2026-05-06 10:45:50.696063+00;2026-05-06 10:45:50.996303+00
bdb9edf6-a79a-4815-9d4a-151a66565b16;Eunice Njeri;eunicenjeri@totmr.com;0700000000;;active;2026-05-06 08:53:42.307272+00;2026-05-06 08:53:42.594859+00
819bbef5-07c1-49fd-a959-694d6a8ff044;Mary Muthoni;marymuthoni@totmr.com;0700000000;;active;2026-05-06 10:47:17.664464+00;2026-05-06 10:47:17.752836+00
2d5cb8bd-c42a-4231-a32c-878884dae801;Mwaura Njuguna;mwauranjuguna@totmr.com;0700000000;;active;2026-05-06 08:56:02.389442+00;2026-05-06 08:56:02.57402+00
5669ad23-2ca2-41b0-833e-6eab06af66c5;Nancy Wambui;nancywambui@totmr.com;0700000000;;active;2026-05-06 09:04:05.557066+00;2026-05-06 09:04:05.84503+00
8a8abe9c-69f9-448c-b276-26913758f773;Winrose Wanjiku;winrosewanjiku@totmr.com;0703834587;;active;2026-05-06 09:08:26.6967+00;2026-05-06 09:08:26.777162+00
facc13a2-91aa-4d8b-97af-9b13f6c1792c;Alex Thuku;alexthuku@totmr.com;0700000000;;active;2026-05-06 09:16:27.753804+00;2026-05-06 09:16:27.866936+00
9c42c7f1-789e-4dea-b63d-1dd13815dd79;Ann Wangechi;annwangechi@totmr.com;0718520670;;active;2026-05-06 09:13:57.667474+00;2026-05-07 10:14:38.358419+00
a5b2b98f-db86-4edf-a692-c786ac347397;Dennis Kaniu;denniskaniu@totmr.com;0700000000;;active;2026-05-06 09:18:39.23253+00;2026-05-06 09:18:39.308406+00
601e5f91-8f1a-4fcd-a5fc-30c64ab5c235;Everlyn Muthoni;everlynmuthoni@totmr.com;0700000000;;active;2026-05-06 09:20:31.03819+00;2026-05-06 09:20:31.108296+00
3244f14a-889d-49ca-8e72-9a44bb88cbd8;Stephen Mwangi;stephenmwangi@totmr.cm;0716406466;;active;2026-05-06 09:26:00.886185+00;2026-05-07 10:15:45.679691+00
c27bf24c-0f2e-4f46-978d-b78bdca647fd;John Mwangi;johnmwangi@totmr.com;0700000000;;active;2026-05-06 09:21:55.814033+00;2026-05-06 09:21:55.878287+00
1acf5b0b-6271-4997-ab5c-f4aa4b6368a1;Mary Wanjiku;marywanjiku@totmr.com;0700000000;;active;2026-05-06 09:23:54.819123+00;2026-05-06 09:23:55.034509+00
50db6baa-9ad5-406c-99d7-d65a4e74fb70;Monicah Kariuki;monicahkariuki@totmr.com;0799005030;;active;2026-05-09 11:52:07.706151+00;2026-05-09 11:52:08.005183+00
17536945-501a-49a9-ab68-353ad953bd67;Alice Wangari;alicewangari@totmr.com;0799159496;;active;2026-05-10 08:44:21.347261+00;2026-05-10 08:44:21.510519+00
32161535-e9b2-471a-906d-acfa2da7a809;Paul Gatuhi;paulgatuhi@totmr.com;0727937077;;active;2026-05-10 08:49:56.254779+00;2026-05-10 08:49:56.350069+00
f10a544f-834c-4ee6-b9fc-4e3387df03a5;Stephen Kimuri;stephenkimuri@totmr.com;0790022488;;active;2026-05-11 10:00:15.752101+00;2026-05-11 10:00:15.90103+00
339b4fb8-9e8b-4b80-b253-1511af3cbd79;Jonah Kimani;jonahkimani@totmr.com;0711417507;;active;2026-05-19 11:22:05.212855+00;2026-05-19 11:22:05.520163+00
3ebcd349-c10a-4afa-9612-b26232dd91fd;Jonah Kimani;jonahkimani@managermr.com;0711417507;;active;2026-05-19 11:31:55.498477+00;2026-05-19 11:31:55.643525+00