id;farmer_id;product_id;tot_id;local_mr_id;quantity;unit_price;total_amount;commission_per_unit;commission_amount;commission_paid;commission_paid_at;payment_method;payment_status;notes;sale_date;created_at;updated_at;profit_amount;tot_commission;regional_mr_commission;local_mr_commission;delivery_note_number
a6902f3e-1ef2-4740-a8a1-c9c24372692b;;e4a4f923-a91f-4557-a50f-73b696ad75fb;8af08a10-5cc5-4ed3-97e0-9fdacbd61e14;20ecccba-25b9-45b9-832b-3abcbae214e9;5.00;640.00;3200.00;24.00;120.00;false;;cash;pending;;2025-12-30 00:00:00+00;2026-05-09 11:37:59.30477+00;2026-05-09 11:37:59.30477+00;300.00;120.00;150.00;30.00;013
0caf0267-27b3-44ce-90ac-e8de73f50183;;e79e63ba-d262-4c3b-ba1a-15bda833c48d;8af08a10-5cc5-4ed3-97e0-9fdacbd61e14;20ecccba-25b9-45b9-832b-3abcbae214e9;5.00;230.00;1150.00;12.00;60.00;false;;cash;pending;;2025-12-30 00:00:00+00;2026-05-09 11:38:45.770392+00;2026-05-09 11:38:45.770392+00;150.00;60.00;75.00;15.00;013
41af2e36-77e4-49cb-a0a7-268626576926;;e79e63ba-d262-4c3b-ba1a-15bda833c48d;5f706528-4c97-4944-9dec-bce56cb93284;e3a21d57-5eb7-498b-8a43-7896ace66f37;5.00;230.00;1150.00;12.00;60.00;false;;cash;pending;;2025-12-30 00:00:00+00;2026-05-09 11:40:02.297179+00;2026-05-09 11:40:02.297179+00;150.00;60.00;75.00;15.00;014
90f8fb57-cc82-4257-8f45-9a473f9eeee4;;a15feb8d-3d2f-482b-a594-152fbebad87c;5669ad23-2ca2-41b0-833e-6eab06af66c5;a327a5c0-08e8-4831-951a-6e26742caae1;1.00;3200.00;3200.00;120.00;120.00;false;;cash;pending;;2025-12-26 00:00:00+00;2026-05-09 11:40:54.019595+00;2026-05-09 11:40:54.019595+00;300.00;120.00;150.00;30.00;015
effc51d2-02c4-4403-b0f1-4b2ca17e28d8;;e79e63ba-d262-4c3b-ba1a-15bda833c48d;8a8abe9c-69f9-448c-b276-26913758f773;a327a5c0-08e8-4831-951a-6e26742caae1;30.00;230.00;6900.00;12.00;360.00;false;;cash;pending;;2025-12-31 00:00:00+00;2026-05-09 11:41:54.661089+00;2026-05-09 11:41:54.661089+00;900.00;360.00;450.00;90.00;016
1f23fb85-953e-4450-aae7-35697aa6729a;;99c65137-aa98-4de8-8144-eca6abd99d78;8a8abe9c-69f9-448c-b276-26913758f773;a327a5c0-08e8-4831-951a-6e26742caae1;40.00;35.00;1400.00;3.20;128.00;false;;cash;pending;;2025-12-31 00:00:00+00;2026-05-09 11:42:39.594115+00;2026-05-09 11:42:39.594115+00;320.00;128.00;160.00;32.00;016
6ade7a5b-f27e-4064-8827-f84b531a9766;;251ad173-2812-4d92-9ab0-93109512f960;5f706528-4c97-4944-9dec-bce56cb93284;e3a21d57-5eb7-498b-8a43-7896ace66f37;13.00;640.00;8320.00;24.00;312.00;false;;cash;pending;;2026-01-02 00:00:00+00;2026-05-09 11:43:50.883393+00;2026-05-09 11:43:50.883393+00;780.00;312.00;390.00;78.00;017
b6ac84b1-3e1f-4513-b169-a38d7ee66e6c;;251ad173-2812-4d92-9ab0-93109512f960;3244f14a-889d-49ca-8e72-9a44bb88cbd8;0dc36d12-5bc6-4541-9925-5e45a6f63b46;22.00;640.00;14080.00;24.00;528.00;false;;cash;pending;;2026-01-05 00:00:00+00;2026-05-09 11:45:24.528992+00;2026-05-09 11:45:24.528992+00;1320.00;528.00;660.00;132.00;018
c66377b1-b0b4-4b4c-979b-b86425a49286;;99c65137-aa98-4de8-8144-eca6abd99d78;9c42c7f1-789e-4dea-b63d-1dd13815dd79;24ac350e-1978-44c6-a1cd-8d269b0325e7;97.00;35.00;3395.00;3.20;310.40;false;;cash;completed;;2025-12-09 00:00:00+00;2026-05-07 10:08:05.00642+00;2026-05-09 09:59:47.241102+00;776.00;310.40;388.00;77.60;001
93a6aab7-b498-4b57-9b54-6cf9048a7214;;e79e63ba-d262-4c3b-ba1a-15bda833c48d;9c42c7f1-789e-4dea-b63d-1dd13815dd79;24ac350e-1978-44c6-a1cd-8d269b0325e7;8.00;230.00;1840.00;12.00;96.00;false;;cash;completed;;2025-12-09 00:00:00+00;2026-05-07 10:08:54.272328+00;2026-05-09 10:00:21.340761+00;240.00;96.00;120.00;24.00;001
fd00e990-aa30-44b3-98d8-b435db88a1d2;;251ad173-2812-4d92-9ab0-93109512f960;7a755f14-4a62-437a-94fe-745665ccd313;ac8b1bba-f1a8-43dc-9535-608804f6eafe;12.00;640.00;7680.00;24.00;288.00;false;;cash;completed;;2025-12-11 00:00:00+00;2026-05-07 10:19:13.945438+00;2026-05-09 10:01:19.801962+00;720.00;288.00;360.00;72.00;003
21870974-c708-48e9-a795-9d0e0fdf53d2;;99c65137-aa98-4de8-8144-eca6abd99d78;8a8abe9c-69f9-448c-b276-26913758f773;a327a5c0-08e8-4831-951a-6e26742caae1;20.00;35.00;700.00;3.20;64.00;false;;cash;completed;;2025-12-16 00:00:00+00;2026-05-07 10:26:29.650216+00;2026-05-09 10:02:37.693983+00;160.00;64.00;80.00;16.00;005
29f10857-566b-4aca-8806-5c9847695cf0;;71537261-b795-4ae3-8562-13ddb376b6a4;960ceedb-bf3a-4df7-81fd-670f48de81b9;ac8b1bba-f1a8-43dc-9535-608804f6eafe;2.00;650.00;1300.00;32.00;64.00;false;;cash;pending;;2026-01-06 00:00:00+00;2026-05-09 11:46:14.878458+00;2026-05-09 11:46:14.878458+00;160.00;64.00;80.00;16.00;019
d189d967-4728-461d-ac1a-644f1527f0f1;;e79e63ba-d262-4c3b-ba1a-15bda833c48d;8af08a10-5cc5-4ed3-97e0-9fdacbd61e14;20ecccba-25b9-45b9-832b-3abcbae214e9;5.00;230.00;1150.00;12.00;60.00;false;;cash;pending;;2026-01-07 00:00:00+00;2026-05-09 11:47:27.321598+00;2026-05-09 11:47:27.321598+00;150.00;60.00;75.00;15.00;020
6fec3aa4-7cbd-4259-bf72-d4b282ceef4c;;99c65137-aa98-4de8-8144-eca6abd99d78;5e0974e5-11d9-47e9-a708-35a1031daacd;e3a21d57-5eb7-498b-8a43-7896ace66f37;10.00;35.00;350.00;3.20;32.00;false;;cash;pending;;2026-01-07 00:00:00+00;2026-05-09 11:48:59.870307+00;2026-05-09 11:48:59.870307+00;80.00;32.00;40.00;8.00;021
728c6733-1e8b-4311-8f2c-612049506741;;e79e63ba-d262-4c3b-ba1a-15bda833c48d;8a8abe9c-69f9-448c-b276-26913758f773;a327a5c0-08e8-4831-951a-6e26742caae1;6.00;230.00;1380.00;12.00;72.00;false;;cash;completed;;2025-12-16 00:00:00+00;2026-05-09 10:04:21.040428+00;2026-05-09 10:04:44.468481+00;180.00;72.00;90.00;18.00;005
43b230cf-c0bb-4132-ab81-52811b586b5a;;a15feb8d-3d2f-482b-a594-152fbebad87c;3244f14a-889d-49ca-8e72-9a44bb88cbd8;0dc36d12-5bc6-4541-9925-5e45a6f63b46;4.00;3200.00;12800.00;120.00;480.00;false;;cash;completed;;2025-12-18 00:00:00+00;2026-05-07 10:33:43.833056+00;2026-05-09 10:05:26.612326+00;1200.00;480.00;600.00;120.00;006
0a8c0a72-4f61-4625-96a3-8e3b9a25653e;;e79e63ba-d262-4c3b-ba1a-15bda833c48d;5669ad23-2ca2-41b0-833e-6eab06af66c5;a327a5c0-08e8-4831-951a-6e26742caae1;30.00;230.00;6900.00;12.00;360.00;false;;cash;completed;;2025-12-19 00:00:00+00;2026-05-07 10:35:14.732994+00;2026-05-09 10:06:03.375045+00;900.00;360.00;450.00;90.00;007
f0e9ea00-12bb-4dbc-95da-2a0b4c5d944c;;71537261-b795-4ae3-8562-13ddb376b6a4;601e5f91-8f1a-4fcd-a5fc-30c64ab5c235;0dc36d12-5bc6-4541-9925-5e45a6f63b46;2.00;650.00;1300.00;32.00;64.00;false;;cash;completed;;2025-12-19 00:00:00+00;2026-05-07 10:44:00.994526+00;2026-05-09 10:07:23.108441+00;160.00;64.00;80.00;16.00;008
6d878de5-beb7-416b-8912-b42b2f1583d9;;e79e63ba-d262-4c3b-ba1a-15bda833c48d;601e5f91-8f1a-4fcd-a5fc-30c64ab5c235;0dc36d12-5bc6-4541-9925-5e45a6f63b46;3.00;230.00;690.00;12.00;36.00;false;;cash;completed;;2025-12-19 00:00:00+00;2026-05-09 10:08:46.165121+00;2026-05-09 10:09:04.159875+00;90.00;36.00;45.00;9.00;008
946d1776-633b-4322-908f-8cca7d70d556;;e4a4f923-a91f-4557-a50f-73b696ad75fb;667f98b1-b57c-401d-b571-5201b103df59;20ecccba-25b9-45b9-832b-3abcbae214e9;10.00;640.00;6400.00;24.00;240.00;false;;cash;completed;;2025-12-19 00:00:00+00;2026-05-09 10:11:53.801404+00;2026-05-09 10:12:09.255476+00;600.00;240.00;300.00;60.00;009
2eee4799-11fb-4f18-a9fe-7b478066d69b;;251ad173-2812-4d92-9ab0-93109512f960;667f98b1-b57c-401d-b571-5201b103df59;20ecccba-25b9-45b9-832b-3abcbae214e9;1.00;640.00;640.00;24.00;24.00;false;;cash;completed;;2025-12-19 00:00:00+00;2026-05-09 10:12:58.296847+00;2026-05-09 10:14:26.524518+00;60.00;24.00;30.00;6.00;009
8c822856-7eb8-44a9-afbe-c5f641aae865;;a15feb8d-3d2f-482b-a594-152fbebad87c;5f706528-4c97-4944-9dec-bce56cb93284;e3a21d57-5eb7-498b-8a43-7896ace66f37;1.00;3200.00;3200.00;120.00;120.00;false;;cash;completed;;2025-12-23 00:00:00+00;2026-05-09 11:33:30.836081+00;2026-05-09 11:33:45.167703+00;300.00;120.00;150.00;30.00;010
7bb6314c-cfb3-40eb-9d70-d699a5345ed2;;545a22dd-6ab2-404b-86ce-06d37702cfc5;667f98b1-b57c-401d-b571-5201b103df59;20ecccba-25b9-45b9-832b-3abcbae214e9;1.00;640.00;640.00;24.00;24.00;false;;cash;completed;;2025-12-19 00:00:00+00;2026-05-09 11:31:52.685346+00;2026-05-09 11:33:48.127596+00;60.00;24.00;30.00;6.00;009
d7f53377-6b24-484a-a52d-45737b6177f8;;99c65137-aa98-4de8-8144-eca6abd99d78;9c42c7f1-789e-4dea-b63d-1dd13815dd79;24ac350e-1978-44c6-a1cd-8d269b0325e7;100.00;35.00;3500.00;3.20;320.00;false;;cash;pending;;2025-12-25 00:00:00+00;2026-05-09 11:36:55.129758+00;2026-05-09 11:36:55.129758+00;800.00;320.00;400.00;80.00;012
d75c5ec8-cd94-4c56-a77b-e8f20756b3cb;;df3a1b6b-a0b5-4a70-8842-14f3e9695e47;50db6baa-9ad5-406c-99d7-d65a4e74fb70;407dfb1d-c9ee-4346-833c-dda3becf9287;1.00;1650.00;1650.00;40.00;40.00;false;;cash;pending;;2026-01-07 00:00:00+00;2026-05-09 11:53:35.047798+00;2026-05-09 11:53:35.047798+00;100.00;40.00;50.00;10.00;022
22a81e84-e8a4-4007-b1e4-468c9bc7b065;;e79e63ba-d262-4c3b-ba1a-15bda833c48d;bdb9edf6-a79a-4815-9d4a-151a66565b16;407dfb1d-c9ee-4346-833c-dda3becf9287;5.00;230.00;1150.00;12.00;60.00;false;;cash;pending;;2026-01-08 00:00:00+00;2026-05-09 12:43:17.372364+00;2026-05-09 12:43:17.372364+00;150.00;60.00;75.00;15.00;024
42f7b0c1-86b7-4f42-82ca-e1d7992fdd44;;e79e63ba-d262-4c3b-ba1a-15bda833c48d;5f706528-4c97-4944-9dec-bce56cb93284;e3a21d57-5eb7-498b-8a43-7896ace66f37;6.00;230.00;1380.00;12.00;72.00;false;;cash;pending;;2026-01-12 00:00:00+00;2026-05-09 12:44:55.931443+00;2026-05-09 12:44:55.931443+00;180.00;72.00;90.00;18.00;026
93eb4a92-8433-4e8d-92ce-949d55c61b50;;99c65137-aa98-4de8-8144-eca6abd99d78;5f706528-4c97-4944-9dec-bce56cb93284;e3a21d57-5eb7-498b-8a43-7896ace66f37;10.00;35.00;350.00;3.20;32.00;false;;cash;pending;;2026-01-12 00:00:00+00;2026-05-09 12:46:00.341273+00;2026-05-09 12:46:00.341273+00;80.00;32.00;40.00;8.00;026
e178e6e5-d126-49e2-85c6-b02dec029556;;e79e63ba-d262-4c3b-ba1a-15bda833c48d;5669ad23-2ca2-41b0-833e-6eab06af66c5;a327a5c0-08e8-4831-951a-6e26742caae1;25.00;230.00;5750.00;12.00;300.00;false;;cash;pending;;2025-12-10 00:00:00+00;2026-05-09 12:47:37.475082+00;2026-05-09 12:47:37.475082+00;750.00;300.00;375.00;75.00;027
243b41d7-b8b4-460c-9636-3fba8e93678c;;251ad173-2812-4d92-9ab0-93109512f960;5669ad23-2ca2-41b0-833e-6eab06af66c5;a327a5c0-08e8-4831-951a-6e26742caae1;3.00;640.00;1920.00;24.00;72.00;false;;cash;pending;;2026-01-13 00:00:00+00;2026-05-09 12:49:35.489502+00;2026-05-09 12:49:35.489502+00;180.00;72.00;90.00;18.00;028
b1474c80-33af-4c5e-a9f2-3ad5f879df92;;df3a1b6b-a0b5-4a70-8842-14f3e9695e47;3244f14a-889d-49ca-8e72-9a44bb88cbd8;0dc36d12-5bc6-4541-9925-5e45a6f63b46;1.00;1600.00;1600.00;28.00;28.00;false;;cash;pending;;2026-01-13 00:00:00+00;2026-05-09 12:50:55.448413+00;2026-05-09 12:50:55.448413+00;70.00;28.00;35.00;7.00;029
b6821825-48dd-4ef7-9c70-c9bb1537a56a;;71537261-b795-4ae3-8562-13ddb376b6a4;819bbef5-07c1-49fd-a959-694d6a8ff044;d93ebb86-dbe6-4e37-a514-4d8f8d66b55d;1.00;650.00;650.00;32.00;32.00;false;;cash;pending;;2026-01-13 00:00:00+00;2026-05-09 12:52:09.040536+00;2026-05-09 12:52:09.040536+00;80.00;32.00;40.00;8.00;030
6865db28-b575-4874-a33e-24581cfaf646;;e79e63ba-d262-4c3b-ba1a-15bda833c48d;5911e12f-50fe-4fdb-90ff-579b40df0dde;5c9def3c-7eaf-45bd-b17d-55af9b86b068;15.00;230.00;3450.00;12.00;180.00;false;;cash;pending;;2026-01-13 00:00:00+00;2026-05-09 13:13:24.200228+00;2026-05-09 13:13:24.200228+00;450.00;180.00;225.00;45.00;031
e746be9d-ae10-4782-8cca-e529b3d0c1e6;;e79e63ba-d262-4c3b-ba1a-15bda833c48d;5669ad23-2ca2-41b0-833e-6eab06af66c5;a327a5c0-08e8-4831-951a-6e26742caae1;10.00;230.00;2300.00;12.00;120.00;false;;cash;pending;;2026-01-13 00:00:00+00;2026-05-09 13:15:34.726952+00;2026-05-09 13:15:34.726952+00;300.00;120.00;150.00;30.00;033
b456f8b2-4e80-4681-8862-8eb39d368e8f;;99c65137-aa98-4de8-8144-eca6abd99d78;5669ad23-2ca2-41b0-833e-6eab06af66c5;a327a5c0-08e8-4831-951a-6e26742caae1;5.00;35.00;175.00;3.20;16.00;false;;cash;pending;;2026-01-13 00:00:00+00;2026-05-09 13:16:16.267714+00;2026-05-09 13:16:16.267714+00;40.00;16.00;20.00;4.00;033
09a68dc5-79ee-4eff-8fde-c38a0222f411;;251ad173-2812-4d92-9ab0-93109512f960;5669ad23-2ca2-41b0-833e-6eab06af66c5;a327a5c0-08e8-4831-951a-6e26742caae1;21.00;640.00;13440.00;24.00;504.00;false;;cash;pending;;2026-01-13 00:00:00+00;2026-05-09 13:16:59.286235+00;2026-05-09 13:16:59.286235+00;1260.00;504.00;630.00;126.00;033
1ef468cb-b26b-4a73-8dc0-5bfedf3bb796;;a15feb8d-3d2f-482b-a594-152fbebad87c;5669ad23-2ca2-41b0-833e-6eab06af66c5;a327a5c0-08e8-4831-951a-6e26742caae1;2.00;3200.00;6400.00;120.00;240.00;false;;cash;pending;;2026-01-13 00:00:00+00;2026-05-09 13:17:36.588508+00;2026-05-09 13:17:36.588508+00;600.00;240.00;300.00;60.00;033
4a90576b-b34f-44bd-a64b-a966c7a0b68f;;df3a1b6b-a0b5-4a70-8842-14f3e9695e47;5669ad23-2ca2-41b0-833e-6eab06af66c5;a327a5c0-08e8-4831-951a-6e26742caae1;1.00;1600.00;1600.00;28.00;28.00;false;;cash;pending;;2026-01-16 00:00:00+00;2026-05-09 13:18:41.285594+00;2026-05-09 13:18:41.285594+00;70.00;28.00;35.00;7.00;034
b9fa63e0-9826-4bc1-b7ec-eb374f93b2e3;;251ad173-2812-4d92-9ab0-93109512f960;9c42c7f1-789e-4dea-b63d-1dd13815dd79;24ac350e-1978-44c6-a1cd-8d269b0325e7;24.00;640.00;15360.00;24.00;576.00;false;;cash;pending;;2026-01-16 00:00:00+00;2026-05-09 13:23:36.964169+00;2026-05-09 13:23:36.964169+00;1440.00;576.00;720.00;144.00;036
75e1d25c-4a09-45e4-822e-d93e61cd9ff4;;251ad173-2812-4d92-9ab0-93109512f960;50db6baa-9ad5-406c-99d7-d65a4e74fb70;407dfb1d-c9ee-4346-833c-dda3becf9287;12.00;640.00;7680.00;24.00;288.00;false;;cash;pending;;2026-01-16 00:00:00+00;2026-05-09 13:25:17.596845+00;2026-05-09 13:25:17.596845+00;720.00;288.00;360.00;72.00;037
52da24d2-90cf-4bb4-83fa-3293b30cd415;;e79e63ba-d262-4c3b-ba1a-15bda833c48d;50db6baa-9ad5-406c-99d7-d65a4e74fb70;407dfb1d-c9ee-4346-833c-dda3becf9287;10.00;230.00;2300.00;12.00;120.00;false;;cash;pending;;2026-01-16 00:00:00+00;2026-05-09 13:25:55.617736+00;2026-05-09 13:25:55.617736+00;300.00;120.00;150.00;30.00;037
2dae2c0b-c8bf-4ae5-bab9-a4f6a34cb910;;e4a4f923-a91f-4557-a50f-73b696ad75fb;667f98b1-b57c-401d-b571-5201b103df59;20ecccba-25b9-45b9-832b-3abcbae214e9;5.00;640.00;3200.00;24.00;120.00;false;;cash;pending;;2026-01-19 00:00:00+00;2026-05-09 13:27:08.719882+00;2026-05-09 13:27:08.719882+00;300.00;120.00;150.00;30.00;038
1379f24b-7bf9-4344-8abd-d522a75df7f5;;251ad173-2812-4d92-9ab0-93109512f960;667f98b1-b57c-401d-b571-5201b103df59;20ecccba-25b9-45b9-832b-3abcbae214e9;1.00;640.00;640.00;24.00;24.00;false;;cash;pending;;2026-01-19 00:00:00+00;2026-05-09 13:27:47.50154+00;2026-05-09 13:27:47.50154+00;60.00;24.00;30.00;6.00;038
e96e2583-d8a0-433a-b230-ccc21d9c8a63;;251ad173-2812-4d92-9ab0-93109512f960;3fccbb31-ace0-4d17-bcf7-697af2590e73;d93ebb86-dbe6-4e37-a514-4d8f8d66b55d;12.00;640.00;7680.00;24.00;288.00;false;;cash;pending;;2026-01-19 00:00:00+00;2026-05-09 13:28:44.564707+00;2026-05-09 13:28:44.564707+00;720.00;288.00;360.00;72.00;039
e321c39e-0e33-46e4-a74e-b861faeb6945;;251ad173-2812-4d92-9ab0-93109512f960;5f706528-4c97-4944-9dec-bce56cb93284;e3a21d57-5eb7-498b-8a43-7896ace66f37;6.00;640.00;3840.00;24.00;144.00;false;;cash;pending;;2026-01-19 00:00:00+00;2026-05-09 13:32:36.83903+00;2026-05-09 13:32:36.83903+00;360.00;144.00;180.00;36.00;040
e0e34608-ddb3-46ad-9ca4-ac5a81464d20;;e79e63ba-d262-4c3b-ba1a-15bda833c48d;5f706528-4c97-4944-9dec-bce56cb93284;e3a21d57-5eb7-498b-8a43-7896ace66f37;6.00;230.00;1380.00;12.00;72.00;false;;cash;pending;;2026-02-19 00:00:00+00;2026-05-09 13:30:58.906177+00;2026-05-09 13:33:14.092113+00;180.00;72.00;90.00;18.00;040
cbc07d41-b84f-4aff-a712-ba65f7055084;;df3a1b6b-a0b5-4a70-8842-14f3e9695e47;60f93cfd-501b-4f04-88ab-0229d3e51509;bb953367-d245-4fdf-9904-147062ed507b;1.00;1600.00;1600.00;28.00;28.00;false;;cash;pending;;2026-01-19 00:00:00+00;2026-05-09 13:34:18.20697+00;2026-05-09 13:34:18.20697+00;70.00;28.00;35.00;7.00;042
a5978a45-2ec7-4b86-b36d-ea3bc8e57a2b;;99c65137-aa98-4de8-8144-eca6abd99d78;bdb9edf6-a79a-4815-9d4a-151a66565b16;407dfb1d-c9ee-4346-833c-dda3becf9287;10.00;35.00;350.00;3.20;32.00;false;;cash;pending;;2026-01-19 00:00:00+00;2026-05-09 13:35:18.81408+00;2026-05-09 13:35:18.81408+00;80.00;32.00;40.00;8.00;043
fc018bae-8081-4e8a-be4a-c22a5c65a246;;251ad173-2812-4d92-9ab0-93109512f960;5f706528-4c97-4944-9dec-bce56cb93284;e3a21d57-5eb7-498b-8a43-7896ace66f37;5.00;640.00;3200.00;24.00;120.00;false;;cash;pending;;2026-01-20 00:00:00+00;2026-05-09 13:37:11.257799+00;2026-05-09 13:37:11.257799+00;300.00;120.00;150.00;30.00;044
8934b589-430c-4401-be3a-e102948b3fe0;;a15feb8d-3d2f-482b-a594-152fbebad87c;9c42c7f1-789e-4dea-b63d-1dd13815dd79;24ac350e-1978-44c6-a1cd-8d269b0325e7;1.00;3200.00;3200.00;120.00;120.00;false;;cash;pending;;2026-01-21 00:00:00+00;2026-05-09 13:39:22.878187+00;2026-05-09 13:39:22.878187+00;300.00;120.00;150.00;30.00;046
2f6ec5e1-12d3-449b-baa8-0d47a086e1ef;;251ad173-2812-4d92-9ab0-93109512f960;1eaea81b-b991-497c-8d2d-7667ca312d34;bb953367-d245-4fdf-9904-147062ed507b;12.00;640.00;7680.00;24.00;288.00;false;;cash;pending;;2026-01-21 00:00:00+00;2026-05-09 13:40:16.63465+00;2026-05-09 13:40:16.63465+00;720.00;288.00;360.00;72.00;047
87853d0a-1ba7-4ef7-9b2f-499278712d8b;;df3a1b6b-a0b5-4a70-8842-14f3e9695e47;5669ad23-2ca2-41b0-833e-6eab06af66c5;a327a5c0-08e8-4831-951a-6e26742caae1;1.00;1600.00;1600.00;28.00;28.00;false;;cash;pending;;2026-01-23 00:00:00+00;2026-05-09 13:41:57.589173+00;2026-05-09 13:41:57.589173+00;70.00;28.00;35.00;7.00;049
845b7cf5-7016-4e35-8d93-ad02fd9b61d8;;df3a1b6b-a0b5-4a70-8842-14f3e9695e47;5669ad23-2ca2-41b0-833e-6eab06af66c5;a327a5c0-08e8-4831-951a-6e26742caae1;1.00;1600.00;1600.00;28.00;28.00;false;;cash;pending;;2026-01-26 00:00:00+00;2026-05-09 13:43:07.120614+00;2026-05-09 13:43:07.120614+00;70.00;28.00;35.00;7.00;050
b9596ff2-ed6e-4f49-b471-af78381667ac;;71537261-b795-4ae3-8562-13ddb376b6a4;5669ad23-2ca2-41b0-833e-6eab06af66c5;a327a5c0-08e8-4831-951a-6e26742caae1;1.00;650.00;650.00;32.00;32.00;false;;cash;pending;;2026-01-26 00:00:00+00;2026-05-09 13:44:05.601414+00;2026-05-09 13:44:05.601414+00;80.00;32.00;40.00;8.00;050
f72601b2-d72c-4b95-ac2b-7b5ee99936a0;;251ad173-2812-4d92-9ab0-93109512f960;c27bf24c-0f2e-4f46-978d-b78bdca647fd;0dc36d12-5bc6-4541-9925-5e45a6f63b46;2.00;640.00;1280.00;24.00;48.00;false;;cash;pending;;2026-01-27 00:00:00+00;2026-05-09 13:45:04.499957+00;2026-05-09 13:45:04.499957+00;120.00;48.00;60.00;12.00;051
9321a87e-c01d-4aac-900b-86b525e0292a;;251ad173-2812-4d92-9ab0-93109512f960;5e0974e5-11d9-47e9-a708-35a1031daacd;e3a21d57-5eb7-498b-8a43-7896ace66f37;24.00;640.00;15360.00;24.00;576.00;false;;cash;pending;;2026-01-27 00:00:00+00;2026-05-09 13:46:12.031797+00;2026-05-09 13:46:12.031797+00;1440.00;576.00;720.00;144.00;052
2337630e-4e30-45a4-8776-4c5d69f2de97;;e79e63ba-d262-4c3b-ba1a-15bda833c48d;5e0974e5-11d9-47e9-a708-35a1031daacd;e3a21d57-5eb7-498b-8a43-7896ace66f37;5.00;230.00;1150.00;12.00;60.00;false;;cash;pending;;2026-01-27 00:00:00+00;2026-05-09 13:48:08.347062+00;2026-05-09 13:48:08.347062+00;150.00;60.00;75.00;15.00;052
19d11b2d-d51a-4977-a6fb-fe93497fec2a;;251ad173-2812-4d92-9ab0-93109512f960;1eaea81b-b991-497c-8d2d-7667ca312d34;bb953367-d245-4fdf-9904-147062ed507b;12.00;640.00;7680.00;24.00;288.00;false;;cash;pending;;2026-01-27 00:00:00+00;2026-05-09 13:50:35.094421+00;2026-05-09 13:50:35.094421+00;720.00;288.00;360.00;72.00;053
f71e5f56-60c2-47d7-968d-803d4f125f9a;;e79e63ba-d262-4c3b-ba1a-15bda833c48d;3fccbb31-ace0-4d17-bcf7-697af2590e73;d93ebb86-dbe6-4e37-a514-4d8f8d66b55d;2.00;230.00;460.00;12.00;24.00;false;;cash;pending;;2026-01-27 00:00:00+00;2026-05-09 13:51:38.165801+00;2026-05-09 13:51:38.165801+00;60.00;24.00;30.00;6.00;054
122a4bff-5df0-4a67-862d-fc68aa21ce58;;99c65137-aa98-4de8-8144-eca6abd99d78;17536945-501a-49a9-ab68-353ad953bd67;ac8b1bba-f1a8-43dc-9535-608804f6eafe;40.00;35.00;1400.00;3.20;128.00;false;;cash;pending;;2026-01-27 00:00:00+00;2026-05-10 08:45:22.685985+00;2026-05-10 08:45:22.685985+00;320.00;128.00;160.00;32.00;055
c12dd086-7930-4ab1-9297-225eadf776b9;;e79e63ba-d262-4c3b-ba1a-15bda833c48d;bdb9edf6-a79a-4815-9d4a-151a66565b16;407dfb1d-c9ee-4346-833c-dda3becf9287;8.00;230.00;1840.00;12.00;96.00;false;;cash;pending;;2026-01-27 00:00:00+00;2026-05-10 08:46:04.573621+00;2026-05-10 08:46:04.573621+00;240.00;96.00;120.00;24.00;056
fd1ea5e1-2d16-4cfe-adaa-150b09d65da8;;e79e63ba-d262-4c3b-ba1a-15bda833c48d;5f706528-4c97-4944-9dec-bce56cb93284;e3a21d57-5eb7-498b-8a43-7896ace66f37;10.00;230.00;2300.00;12.00;120.00;false;;cash;pending;;2026-01-27 00:00:00+00;2026-05-10 08:46:45.192683+00;2026-05-10 08:46:45.192683+00;300.00;120.00;150.00;30.00;057
dbc4123d-f42e-4b91-abe7-16dfef98461e;;99c65137-aa98-4de8-8144-eca6abd99d78;5f706528-4c97-4944-9dec-bce56cb93284;e3a21d57-5eb7-498b-8a43-7896ace66f37;10.00;35.00;350.00;3.20;32.00;false;;cash;pending;;2026-01-27 00:00:00+00;2026-05-10 08:47:13.28575+00;2026-05-10 08:47:13.28575+00;80.00;32.00;40.00;8.00;057
dc83123a-ffdd-4b91-8703-e7e05ae5498f;;251ad173-2812-4d92-9ab0-93109512f960;32161535-e9b2-471a-906d-acfa2da7a809;24ac350e-1978-44c6-a1cd-8d269b0325e7;3.00;640.00;1920.00;24.00;72.00;false;;cash;pending;;2026-01-27 00:00:00+00;2026-05-10 08:51:40.517873+00;2026-05-10 08:51:40.517873+00;180.00;72.00;90.00;18.00;058
3ed5d3d1-b021-482d-bd33-228d45b2b2fc;;251ad173-2812-4d92-9ab0-93109512f960;8a8abe9c-69f9-448c-b276-26913758f773;a327a5c0-08e8-4831-951a-6e26742caae1;78.00;640.00;49920.00;24.00;1872.00;false;;cash;pending;;2026-01-28 00:00:00+00;2026-05-10 08:53:06.013011+00;2026-05-10 08:53:06.013011+00;4680.00;1872.00;2340.00;468.00;060
bf19b955-c441-4442-a1e6-18d2342153b7;;251ad173-2812-4d92-9ab0-93109512f960;7a755f14-4a62-437a-94fe-745665ccd313;ac8b1bba-f1a8-43dc-9535-608804f6eafe;2.00;640.00;1280.00;24.00;48.00;false;;cash;pending;;2026-01-28 00:00:00+00;2026-05-10 08:54:42.291421+00;2026-05-10 08:54:42.291421+00;120.00;48.00;60.00;12.00;061
d575df5c-406f-462b-b3d4-02f3896ea950;;e79e63ba-d262-4c3b-ba1a-15bda833c48d;bdb9edf6-a79a-4815-9d4a-151a66565b16;407dfb1d-c9ee-4346-833c-dda3becf9287;4.00;230.00;920.00;12.00;48.00;false;;cash;pending;;2026-01-30 00:00:00+00;2026-05-10 08:55:41.846642+00;2026-05-10 08:55:41.846642+00;120.00;48.00;60.00;12.00;062
8bae010e-1fbd-4068-9dfe-30a0fb78b0fd;;e4a4f923-a91f-4557-a50f-73b696ad75fb;667f98b1-b57c-401d-b571-5201b103df59;20ecccba-25b9-45b9-832b-3abcbae214e9;5.00;640.00;3200.00;24.00;120.00;false;;cash;pending;;2026-01-30 00:00:00+00;2026-05-10 08:58:32.953589+00;2026-05-10 08:58:32.953589+00;300.00;120.00;150.00;30.00;063
89a95822-d2fa-4895-b1ed-a5bdc89a2e2e;;251ad173-2812-4d92-9ab0-93109512f960;667f98b1-b57c-401d-b571-5201b103df59;20ecccba-25b9-45b9-832b-3abcbae214e9;2.00;640.00;1280.00;24.00;48.00;false;;cash;pending;;2026-01-30 00:00:00+00;2026-05-10 09:02:13.478532+00;2026-05-10 09:02:13.478532+00;120.00;48.00;60.00;12.00;063
04b0b2a0-db61-452f-825a-f289b842a381;;545a22dd-6ab2-404b-86ce-06d37702cfc5;667f98b1-b57c-401d-b571-5201b103df59;20ecccba-25b9-45b9-832b-3abcbae214e9;2.00;640.00;1280.00;24.00;48.00;false;;cash;pending;;2026-01-30 00:00:00+00;2026-05-10 09:03:10.602858+00;2026-05-10 09:03:10.602858+00;120.00;48.00;60.00;12.00;063
f2ff73d4-af8f-4998-9c0d-096a2245d564;;e79e63ba-d262-4c3b-ba1a-15bda833c48d;c54028c8-8de2-493d-9a07-ad545195595a;bb953367-d245-4fdf-9904-147062ed507b;1.00;230.00;230.00;12.00;12.00;false;;cash;pending;;2026-01-30 00:00:00+00;2026-05-11 09:22:13.376052+00;2026-05-11 09:22:13.376052+00;30.00;12.00;15.00;3.00;064
8a5838e6-22fe-416b-8220-1cc26177b47c;;251ad173-2812-4d92-9ab0-93109512f960;3244f14a-889d-49ca-8e72-9a44bb88cbd8;0dc36d12-5bc6-4541-9925-5e45a6f63b46;33.00;640.00;21120.00;24.00;792.00;false;;cash;pending;;2026-02-02 00:00:00+00;2026-05-11 09:23:32.962091+00;2026-05-11 09:23:32.962091+00;1980.00;792.00;990.00;198.00;065
8ecfec7e-4480-48b3-869e-cabac44cf0b9;;251ad173-2812-4d92-9ab0-93109512f960;5669ad23-2ca2-41b0-833e-6eab06af66c5;a327a5c0-08e8-4831-951a-6e26742caae1;48.00;640.00;30720.00;24.00;1152.00;false;;cash;pending;;2026-01-31 00:00:00+00;2026-05-11 09:25:53.483654+00;2026-05-11 09:25:53.483654+00;2880.00;1152.00;1440.00;288.00;066
473da668-eb96-49fc-a3ee-7c254e0f3e7d;;545a22dd-6ab2-404b-86ce-06d37702cfc5;5669ad23-2ca2-41b0-833e-6eab06af66c5;a327a5c0-08e8-4831-951a-6e26742caae1;6.00;640.00;3840.00;24.00;144.00;false;;cash;pending;;2026-01-31 00:00:00+00;2026-05-11 09:26:25.905094+00;2026-05-11 09:26:25.905094+00;360.00;144.00;180.00;36.00;066
9fe67e8a-26e6-4f4e-9ac6-225589e08685;;251ad173-2812-4d92-9ab0-93109512f960;601e5f91-8f1a-4fcd-a5fc-30c64ab5c235;0dc36d12-5bc6-4541-9925-5e45a6f63b46;12.00;640.00;7680.00;24.00;288.00;false;;cash;pending;;2026-02-04 00:00:00+00;2026-05-11 09:27:31.453319+00;2026-05-11 09:27:31.453319+00;720.00;288.00;360.00;72.00;068
5422c2ee-2a11-433f-bd8e-f541dc929ac2;;71537261-b795-4ae3-8562-13ddb376b6a4;601e5f91-8f1a-4fcd-a5fc-30c64ab5c235;0dc36d12-5bc6-4541-9925-5e45a6f63b46;1.00;650.00;650.00;32.00;32.00;false;;cash;pending;;2026-02-04 00:00:00+00;2026-05-11 09:28:23.931673+00;2026-05-11 09:28:23.931673+00;80.00;32.00;40.00;8.00;069
1f09e15d-4d4f-448c-86c6-0b4dd734b275;;e4a4f923-a91f-4557-a50f-73b696ad75fb;2d5cb8bd-c42a-4231-a32c-878884dae801;407dfb1d-c9ee-4346-833c-dda3becf9287;5.00;640.00;3200.00;24.00;120.00;false;;cash;pending;;2026-02-04 00:00:00+00;2026-05-11 09:29:40.117478+00;2026-05-11 09:29:40.117478+00;300.00;120.00;150.00;30.00;070
a20d483d-7184-4810-9a93-eff577a5eca6;;df3a1b6b-a0b5-4a70-8842-14f3e9695e47;5669ad23-2ca2-41b0-833e-6eab06af66c5;a327a5c0-08e8-4831-951a-6e26742caae1;2.00;1600.00;3200.00;28.00;56.00;false;;cash;pending;;2026-02-04 00:00:00+00;2026-05-11 09:30:23.228275+00;2026-05-11 09:30:23.228275+00;140.00;56.00;70.00;14.00;071
8c34e1e0-6664-49e9-9699-411d3c54ce5d;;e79e63ba-d262-4c3b-ba1a-15bda833c48d;5669ad23-2ca2-41b0-833e-6eab06af66c5;a327a5c0-08e8-4831-951a-6e26742caae1;8.00;230.00;1840.00;12.00;96.00;false;;cash;pending;;2026-02-04 00:00:00+00;2026-05-11 09:31:00.563896+00;2026-05-11 09:31:00.563896+00;240.00;96.00;120.00;24.00;071
81df127e-e434-49e6-8e8f-e084a54d2f16;;e79e63ba-d262-4c3b-ba1a-15bda833c48d;819bbef5-07c1-49fd-a959-694d6a8ff044;d93ebb86-dbe6-4e37-a514-4d8f8d66b55d;1.00;230.00;230.00;12.00;12.00;false;;cash;pending;;2026-02-05 00:00:00+00;2026-05-11 09:31:32.406361+00;2026-05-11 09:31:52.248514+00;30.00;12.00;15.00;3.00;072
2831e4d2-f33b-4743-9819-de2c57b7b032;;71537261-b795-4ae3-8562-13ddb376b6a4;819bbef5-07c1-49fd-a959-694d6a8ff044;d93ebb86-dbe6-4e37-a514-4d8f8d66b55d;2.00;650.00;1300.00;32.00;64.00;false;;cash;pending;;2026-02-05 00:00:00+00;2026-05-11 09:32:30.607577+00;2026-05-11 09:32:30.607577+00;160.00;64.00;80.00;16.00;072
f2db0360-e67d-4248-9b4a-bf0be2e01156;;251ad173-2812-4d92-9ab0-93109512f960;667f98b1-b57c-401d-b571-5201b103df59;20ecccba-25b9-45b9-832b-3abcbae214e9;6.00;640.00;3840.00;24.00;144.00;false;;cash;pending;;2026-02-06 00:00:00+00;2026-05-11 09:33:45.940907+00;2026-05-11 09:33:45.940907+00;360.00;144.00;180.00;36.00;073
e2d461e3-6e8e-4980-b460-465616a2dea9;;251ad173-2812-4d92-9ab0-93109512f960;5f706528-4c97-4944-9dec-bce56cb93284;e3a21d57-5eb7-498b-8a43-7896ace66f37;8.00;640.00;5120.00;24.00;192.00;false;;cash;pending;;2026-02-09 00:00:00+00;2026-05-11 09:36:55.028413+00;2026-05-11 09:36:55.028413+00;480.00;192.00;240.00;48.00;075
eb2e552d-f1f1-47a8-9237-5b934c8523ec;;251ad173-2812-4d92-9ab0-93109512f960;17536945-501a-49a9-ab68-353ad953bd67;ac8b1bba-f1a8-43dc-9535-608804f6eafe;5.00;640.00;3200.00;24.00;120.00;false;;cash;pending;;2026-02-09 00:00:00+00;2026-05-11 09:38:05.102498+00;2026-05-11 09:38:05.102498+00;300.00;120.00;150.00;30.00;076
16a3c6c3-412a-4606-b6e2-3a2c025c8b4e;;251ad173-2812-4d92-9ab0-93109512f960;7a755f14-4a62-437a-94fe-745665ccd313;ac8b1bba-f1a8-43dc-9535-608804f6eafe;12.00;640.00;7680.00;24.00;288.00;false;;cash;pending;;2026-02-09 00:00:00+00;2026-05-11 09:39:13.402433+00;2026-05-11 09:39:13.402433+00;720.00;288.00;360.00;72.00;077
8be220d8-396f-4a8e-959d-348648e37134;;251ad173-2812-4d92-9ab0-93109512f960;5669ad23-2ca2-41b0-833e-6eab06af66c5;a327a5c0-08e8-4831-951a-6e26742caae1;24.00;640.00;15360.00;24.00;576.00;false;;cash;pending;;2026-02-09 00:00:00+00;2026-05-11 09:40:35.762958+00;2026-05-11 09:40:35.762958+00;1440.00;576.00;720.00;144.00;078
acf134ca-3ced-4abb-bde6-461f35985816;;251ad173-2812-4d92-9ab0-93109512f960;1acf5b0b-6271-4997-ab5c-f4aa4b6368a1;0dc36d12-5bc6-4541-9925-5e45a6f63b46;24.00;640.00;15360.00;24.00;576.00;false;;cash;pending;;2026-02-10 00:00:00+00;2026-05-11 09:42:42.659268+00;2026-05-11 09:42:42.659268+00;1440.00;576.00;720.00;144.00;079
a106f337-c378-420e-8f16-7a3a837bd818;;251ad173-2812-4d92-9ab0-93109512f960;960ceedb-bf3a-4df7-81fd-670f48de81b9;ac8b1bba-f1a8-43dc-9535-608804f6eafe;12.00;640.00;7680.00;24.00;288.00;false;;cash;pending;;2026-02-12 00:00:00+00;2026-05-11 09:43:42.441125+00;2026-05-11 09:43:42.441125+00;720.00;288.00;360.00;72.00;080
51d146f3-d110-4cd1-8fac-3482fd141096;;e79e63ba-d262-4c3b-ba1a-15bda833c48d;960ceedb-bf3a-4df7-81fd-670f48de81b9;ac8b1bba-f1a8-43dc-9535-608804f6eafe;5.00;230.00;1150.00;12.00;60.00;false;;cash;pending;;2026-02-12 00:00:00+00;2026-05-11 09:44:44.978773+00;2026-05-11 09:44:44.978773+00;150.00;60.00;75.00;15.00;080
f24727a7-9fee-46db-a5c5-35ce721f34ea;;251ad173-2812-4d92-9ab0-93109512f960;db9c95e2-ed8f-49d9-a559-121ed7eacfa5;5c9def3c-7eaf-45bd-b17d-55af9b86b068;12.00;640.00;7680.00;24.00;288.00;false;;cash;pending;;2026-02-12 00:00:00+00;2026-05-11 09:45:43.261533+00;2026-05-11 09:45:43.261533+00;720.00;288.00;360.00;72.00;081
12700798-e81e-41ee-8080-2df618af9f11;;251ad173-2812-4d92-9ab0-93109512f960;db9c95e2-ed8f-49d9-a559-121ed7eacfa5;5c9def3c-7eaf-45bd-b17d-55af9b86b068;12.00;640.00;7680.00;24.00;288.00;false;;cash;pending;;2026-02-12 00:00:00+00;2026-05-11 09:46:52.530455+00;2026-05-11 09:46:52.530455+00;720.00;288.00;360.00;72.00;082
a168030c-0eaf-4232-81e0-a918f4ab77f9;;251ad173-2812-4d92-9ab0-93109512f960;667f98b1-b57c-401d-b571-5201b103df59;20ecccba-25b9-45b9-832b-3abcbae214e9;12.00;640.00;7680.00;24.00;288.00;false;;cash;pending;;2026-02-12 00:00:00+00;2026-05-11 09:48:41.333694+00;2026-05-11 09:48:41.333694+00;720.00;288.00;360.00;72.00;084
027cbfa1-0584-42c2-8360-36abbce301f1;;99c65137-aa98-4de8-8144-eca6abd99d78;8af08a10-5cc5-4ed3-97e0-9fdacbd61e14;20ecccba-25b9-45b9-832b-3abcbae214e9;10.00;35.00;350.00;3.20;32.00;false;;cash;pending;;2026-02-12 00:00:00+00;2026-05-11 09:49:22.440007+00;2026-05-11 09:49:22.440007+00;80.00;32.00;40.00;8.00;085
b58c3862-7b5b-4e4d-9c82-537c0cfb524c;;e79e63ba-d262-4c3b-ba1a-15bda833c48d;8af08a10-5cc5-4ed3-97e0-9fdacbd61e14;20ecccba-25b9-45b9-832b-3abcbae214e9;2.00;230.00;460.00;12.00;24.00;false;;cash;pending;;2026-02-12 00:00:00+00;2026-05-11 09:50:14.809081+00;2026-05-11 09:50:14.809081+00;60.00;24.00;30.00;6.00;085
07c663e3-b2a3-4bf6-936c-f84b14a3610d;;df3a1b6b-a0b5-4a70-8842-14f3e9695e47;8af08a10-5cc5-4ed3-97e0-9fdacbd61e14;20ecccba-25b9-45b9-832b-3abcbae214e9;1.00;1600.00;1600.00;28.00;28.00;false;;cash;pending;;2026-02-12 00:00:00+00;2026-05-11 09:50:58.517583+00;2026-05-11 09:50:58.517583+00;70.00;28.00;35.00;7.00;085
eceb0a9f-9f68-4fe2-8bfd-c6d49b8070f1;;df3a1b6b-a0b5-4a70-8842-14f3e9695e47;5911e12f-50fe-4fdb-90ff-579b40df0dde;5c9def3c-7eaf-45bd-b17d-55af9b86b068;1.00;1600.00;1600.00;28.00;28.00;false;;cash;pending;;2026-02-12 00:00:00+00;2026-05-11 09:51:43.099478+00;2026-05-11 09:51:43.099478+00;70.00;28.00;35.00;7.00;086
0f80e1ab-067d-4784-b9bb-04e7bba51031;;251ad173-2812-4d92-9ab0-93109512f960;9c42c7f1-789e-4dea-b63d-1dd13815dd79;24ac350e-1978-44c6-a1cd-8d269b0325e7;11.00;640.00;7040.00;24.00;264.00;false;;cash;pending;;2026-02-10 00:00:00+00;2026-05-11 09:53:58.208075+00;2026-05-11 09:53:58.208075+00;660.00;264.00;330.00;66.00;087
ec833ce2-decf-4fb4-aada-a1485e785734;;251ad173-2812-4d92-9ab0-93109512f960;3fccbb31-ace0-4d17-bcf7-697af2590e73;d93ebb86-dbe6-4e37-a514-4d8f8d66b55d;24.00;640.00;15360.00;24.00;576.00;false;;cash;pending;;2026-02-13 00:00:00+00;2026-05-11 09:55:19.181334+00;2026-05-11 09:55:19.181334+00;1440.00;576.00;720.00;144.00;088
419cfd08-b380-4fc1-a9e3-532802b0d3ad;;251ad173-2812-4d92-9ab0-93109512f960;3244f14a-889d-49ca-8e72-9a44bb88cbd8;0dc36d12-5bc6-4541-9925-5e45a6f63b46;36.00;640.00;23040.00;24.00;864.00;false;;cash;pending;;2026-02-13 00:00:00+00;2026-05-11 09:56:15.416385+00;2026-05-11 09:56:15.416385+00;2160.00;864.00;1080.00;216.00;089
2ee170cd-c8e3-45e1-abd3-3c96c7c86899;;251ad173-2812-4d92-9ab0-93109512f960;5669ad23-2ca2-41b0-833e-6eab06af66c5;a327a5c0-08e8-4831-951a-6e26742caae1;24.00;640.00;15360.00;24.00;576.00;false;;cash;pending;;2026-02-13 00:00:00+00;2026-05-11 09:57:07.363824+00;2026-05-11 09:57:07.363824+00;1440.00;576.00;720.00;144.00;090
fb84a853-9f6e-4a1d-a7a6-47c9c6f9ff22;;df3a1b6b-a0b5-4a70-8842-14f3e9695e47;f10a544f-834c-4ee6-b9fc-4e3387df03a5;a327a5c0-08e8-4831-951a-6e26742caae1;1.00;1600.00;1600.00;28.00;28.00;false;;cash;pending;;2026-03-18 00:00:00+00;2026-05-11 10:02:31.73202+00;2026-05-11 10:02:31.73202+00;70.00;28.00;35.00;7.00;092
a420a89d-3402-48f5-aeda-6e7b3df5f721;;df3a1b6b-a0b5-4a70-8842-14f3e9695e47;f10a544f-834c-4ee6-b9fc-4e3387df03a5;a327a5c0-08e8-4831-951a-6e26742caae1;1.00;1600.00;1600.00;28.00;28.00;false;;cash;pending;;2026-02-18 00:00:00+00;2026-05-11 10:03:34.470694+00;2026-05-11 10:03:34.470694+00;70.00;28.00;35.00;7.00;092
74974c35-0107-4198-b998-d90b8d7bbca2;;df3a1b6b-a0b5-4a70-8842-14f3e9695e47;8af08a10-5cc5-4ed3-97e0-9fdacbd61e14;20ecccba-25b9-45b9-832b-3abcbae214e9;1.00;1600.00;1600.00;28.00;28.00;false;;cash;pending;;2026-02-18 00:00:00+00;2026-05-11 10:04:22.23718+00;2026-05-11 10:04:22.23718+00;70.00;28.00;35.00;7.00;093
665497d0-735f-417d-afa6-820650f18419;;df3a1b6b-a0b5-4a70-8842-14f3e9695e47;1acf5b0b-6271-4997-ab5c-f4aa4b6368a1;0dc36d12-5bc6-4541-9925-5e45a6f63b46;3.00;1600.00;4800.00;28.00;84.00;false;;cash;pending;;2026-02-18 00:00:00+00;2026-05-11 10:05:19.920647+00;2026-05-11 10:05:19.920647+00;210.00;84.00;105.00;21.00;094
f175244e-5c4b-4755-8bda-86da50dea823;;df3a1b6b-a0b5-4a70-8842-14f3e9695e47;3244f14a-889d-49ca-8e72-9a44bb88cbd8;0dc36d12-5bc6-4541-9925-5e45a6f63b46;2.00;1600.00;3200.00;28.00;56.00;false;;cash;pending;;2026-02-18 00:00:00+00;2026-05-11 10:05:59.006458+00;2026-05-11 10:05:59.006458+00;140.00;56.00;70.00;14.00;095
59566a6a-51ec-4009-b2b0-bcc42c7a8ee4;;251ad173-2812-4d92-9ab0-93109512f960;960ceedb-bf3a-4df7-81fd-670f48de81b9;ac8b1bba-f1a8-43dc-9535-608804f6eafe;24.00;640.00;15360.00;24.00;576.00;false;;cash;pending;;2026-02-18 00:00:00+00;2026-05-11 10:07:29.310217+00;2026-05-11 10:07:29.310217+00;1440.00;576.00;720.00;144.00;096
7cc5bc35-bd2f-4c30-b009-ab611349f16e;;12986cff-8b6f-47dd-90e8-cea55e97f302;5e0974e5-11d9-47e9-a708-35a1031daacd;e3a21d57-5eb7-498b-8a43-7896ace66f37;1.00;1600.00;1600.00;20.00;20.00;false;;cash;cancelled;;2026-02-18 00:00:00+00;2026-05-11 10:09:07.925955+00;2026-05-11 10:12:30.158197+00;50.00;20.00;25.00;5.00;097
9468af56-f27f-4ca5-88e6-58164d886c02;;12986cff-8b6f-47dd-90e8-cea55e97f302;5e0974e5-11d9-47e9-a708-35a1031daacd;e3a21d57-5eb7-498b-8a43-7896ace66f37;1.00;1650.00;1650.00;40.00;40.00;false;;cash;pending;;2026-02-18 00:00:00+00;2026-05-11 10:13:44.866346+00;2026-05-11 10:13:44.866346+00;100.00;40.00;50.00;10.00;097
7ff79c57-faf4-408a-a3ff-0dc9aebb4d40;;251ad173-2812-4d92-9ab0-93109512f960;c54028c8-8de2-493d-9a07-ad545195595a;bb953367-d245-4fdf-9904-147062ed507b;2.00;640.00;1280.00;24.00;48.00;false;;cash;pending;;2026-02-18 00:00:00+00;2026-05-11 10:14:32.585938+00;2026-05-11 10:14:32.585938+00;120.00;48.00;60.00;12.00;098
1c496b12-ce11-419b-91d9-56664f3c7854;;251ad173-2812-4d92-9ab0-93109512f960;9c42c7f1-789e-4dea-b63d-1dd13815dd79;24ac350e-1978-44c6-a1cd-8d269b0325e7;36.00;640.00;23040.00;24.00;864.00;false;;cash;pending;;2026-02-18 00:00:00+00;2026-05-11 10:15:22.293517+00;2026-05-11 10:15:22.293517+00;2160.00;864.00;1080.00;216.00;099
b1704257-a2d5-4049-b097-13fc65ac96cb;;12986cff-8b6f-47dd-90e8-cea55e97f302;5f706528-4c97-4944-9dec-bce56cb93284;e3a21d57-5eb7-498b-8a43-7896ace66f37;4.00;1650.00;6600.00;40.00;160.00;false;;cash;pending;;2026-02-18 00:00:00+00;2026-05-11 10:16:46.851081+00;2026-05-11 10:16:46.851081+00;400.00;160.00;200.00;40.00;100
f16c3ddf-2a17-4954-ba28-cba19e9be5a7;;251ad173-2812-4d92-9ab0-93109512f960;f10a544f-834c-4ee6-b9fc-4e3387df03a5;a327a5c0-08e8-4831-951a-6e26742caae1;6.00;640.00;3840.00;24.00;144.00;false;;cash;pending;;2026-02-06 00:00:00+00;2026-05-11 10:18:16.706829+00;2026-05-11 10:18:16.706829+00;360.00;144.00;180.00;36.00;074
aa8fa827-2793-4db4-80e0-ebffbb998634;;251ad173-2812-4d92-9ab0-93109512f960;f10a544f-834c-4ee6-b9fc-4e3387df03a5;a327a5c0-08e8-4831-951a-6e26742caae1;12.00;640.00;7680.00;24.00;288.00;false;;cash;pending;;2026-01-16 00:00:00+00;2026-05-11 10:21:09.145619+00;2026-05-11 10:21:09.145619+00;720.00;288.00;360.00;72.00;035
a9f500b2-e247-4c57-8be1-9a2e04485d12;;a15feb8d-3d2f-482b-a594-152fbebad87c;3244f14a-889d-49ca-8e72-9a44bb88cbd8;0dc36d12-5bc6-4541-9925-5e45a6f63b46;1.00;3200.00;3200.00;120.00;120.00;false;;cash;pending;;2025-12-10 00:00:00+00;2026-05-11 10:23:42.846161+00;2026-05-11 10:23:42.846161+00;300.00;120.00;150.00;30.00;002
4bcdffde-fb1b-4917-89dd-10fb666d7b9c;;e79e63ba-d262-4c3b-ba1a-15bda833c48d;3244f14a-889d-49ca-8e72-9a44bb88cbd8;0dc36d12-5bc6-4541-9925-5e45a6f63b46;8.00;230.00;1840.00;12.00;96.00;false;;cash;pending;;2025-12-10 00:00:00+00;2026-05-11 10:24:54.502303+00;2026-05-11 10:24:54.502303+00;240.00;96.00;120.00;24.00;002
d4128a08-798a-48d7-9ca9-504882fa3412;;251ad173-2812-4d92-9ab0-93109512f960;819bbef5-07c1-49fd-a959-694d6a8ff044;d93ebb86-dbe6-4e37-a514-4d8f8d66b55d;12.00;640.00;7680.00;24.00;288.00;false;;cash;pending;;2026-02-19 00:00:00+00;2026-05-12 10:51:05.070191+00;2026-05-12 10:51:05.070191+00;720.00;288.00;360.00;72.00;101
8a6aa311-c8f9-4401-b4af-fdd3d77dc42f;;251ad173-2812-4d92-9ab0-93109512f960;5e0974e5-11d9-47e9-a708-35a1031daacd;e3a21d57-5eb7-498b-8a43-7896ace66f37;12.00;640.00;7680.00;24.00;288.00;false;;cash;pending;;2026-02-19 00:00:00+00;2026-05-12 10:52:21.584721+00;2026-05-12 10:52:21.584721+00;720.00;288.00;360.00;72.00;103
56d2c07c-eb8e-4d80-8009-2cf3af2f6b00;;545a22dd-6ab2-404b-86ce-06d37702cfc5;8af08a10-5cc5-4ed3-97e0-9fdacbd61e14;20ecccba-25b9-45b9-832b-3abcbae214e9;2.00;640.00;1280.00;24.00;48.00;false;;cash;pending;;2026-02-19 00:00:00+00;2026-05-12 10:53:24.238232+00;2026-05-12 10:53:24.238232+00;120.00;48.00;60.00;12.00;105
5136ff70-1448-4b22-8044-7b0bba487eb8;;e4a4f923-a91f-4557-a50f-73b696ad75fb;5669ad23-2ca2-41b0-833e-6eab06af66c5;a327a5c0-08e8-4831-951a-6e26742caae1;12.00;640.00;7680.00;24.00;288.00;false;;cash;pending;;2026-02-19 00:00:00+00;2026-05-12 10:54:21.019706+00;2026-05-12 10:54:21.019706+00;720.00;288.00;360.00;72.00;106
1d5f6d71-d6e3-40f3-b88d-987fa5b12656;;e4a4f923-a91f-4557-a50f-73b696ad75fb;667f98b1-b57c-401d-b571-5201b103df59;20ecccba-25b9-45b9-832b-3abcbae214e9;12.00;640.00;7680.00;24.00;288.00;false;;cash;pending;;2026-02-19 00:00:00+00;2026-05-12 10:54:57.815969+00;2026-05-12 10:54:57.815969+00;720.00;288.00;360.00;72.00;107
1ad96c9c-03dc-4f45-a7ef-a2cdbf0db0ee;;8880c4a9-bde2-44c3-8b59-2547abd0811d;8af08a10-5cc5-4ed3-97e0-9fdacbd61e14;20ecccba-25b9-45b9-832b-3abcbae214e9;2.00;740.00;1480.00;20.00;40.00;false;;cash;pending;;2026-02-20 00:00:00+00;2026-05-12 10:56:50.729718+00;2026-05-12 10:56:50.729718+00;100.00;40.00;50.00;10.00;109
d501d94d-ca5f-482f-90cf-eaa17f4944e7;;e4a4f923-a91f-4557-a50f-73b696ad75fb;960ceedb-bf3a-4df7-81fd-670f48de81b9;ac8b1bba-f1a8-43dc-9535-608804f6eafe;4.00;640.00;2560.00;24.00;96.00;false;;cash;pending;;2026-02-20 00:00:00+00;2026-05-12 10:57:28.862504+00;2026-05-12 10:57:28.862504+00;240.00;96.00;120.00;24.00;110
d4d2571a-3dd5-4cc1-82ee-b8e24b1f2505;;e4a4f923-a91f-4557-a50f-73b696ad75fb;8a8abe9c-69f9-448c-b276-26913758f773;a327a5c0-08e8-4831-951a-6e26742caae1;7.00;640.00;4480.00;24.00;168.00;false;;cash;pending;;2026-02-21 00:00:00+00;2026-05-12 10:59:20.846122+00;2026-05-12 10:59:20.846122+00;420.00;168.00;210.00;42.00;112
3398c45f-2c49-4b7d-8b7f-1f8b99c39b1f;;545a22dd-6ab2-404b-86ce-06d37702cfc5;8a8abe9c-69f9-448c-b276-26913758f773;a327a5c0-08e8-4831-951a-6e26742caae1;7.00;640.00;4480.00;24.00;168.00;false;;cash;pending;;2026-02-21 00:00:00+00;2026-05-12 11:00:03.040101+00;2026-05-12 11:00:03.040101+00;420.00;168.00;210.00;42.00;112
055a133d-53d3-4660-bc71-e8d72d27c3e3;;251ad173-2812-4d92-9ab0-93109512f960;8a8abe9c-69f9-448c-b276-26913758f773;a327a5c0-08e8-4831-951a-6e26742caae1;3.00;640.00;1920.00;24.00;72.00;false;;cash;pending;;2026-02-21 00:00:00+00;2026-05-12 11:00:48.052036+00;2026-05-12 11:00:48.052036+00;180.00;72.00;90.00;18.00;112
31a0800e-678c-4b49-b1d8-8e37106128c6;;12986cff-8b6f-47dd-90e8-cea55e97f302;3244f14a-889d-49ca-8e72-9a44bb88cbd8;0dc36d12-5bc6-4541-9925-5e45a6f63b46;1.00;1650.00;1650.00;40.00;40.00;false;;cash;pending;;2026-02-22 00:00:00+00;2026-05-12 11:01:35.894954+00;2026-05-12 11:01:35.894954+00;100.00;40.00;50.00;10.00;113
ae66fa77-b66e-4ec9-b25d-9d1995a6afd1;;12986cff-8b6f-47dd-90e8-cea55e97f302;c27bf24c-0f2e-4f46-978d-b78bdca647fd;0dc36d12-5bc6-4541-9925-5e45a6f63b46;1.00;1650.00;1650.00;40.00;40.00;false;;cash;pending;;2026-02-23 00:00:00+00;2026-05-12 11:02:29.806548+00;2026-05-12 11:02:29.806548+00;100.00;40.00;50.00;10.00;114
00f6af89-ac1d-4081-9b9f-b4da3f83aea5;;e4a4f923-a91f-4557-a50f-73b696ad75fb;c27bf24c-0f2e-4f46-978d-b78bdca647fd;0dc36d12-5bc6-4541-9925-5e45a6f63b46;12.00;640.00;7680.00;24.00;288.00;false;;cash;pending;;2026-02-23 00:00:00+00;2026-05-12 11:03:11.07607+00;2026-05-12 11:03:11.07607+00;720.00;288.00;360.00;72.00;114
45f77750-da18-4bae-b2d0-90fa073bf1ea;;251ad173-2812-4d92-9ab0-93109512f960;c27bf24c-0f2e-4f46-978d-b78bdca647fd;0dc36d12-5bc6-4541-9925-5e45a6f63b46;12.00;640.00;7680.00;24.00;288.00;false;;cash;pending;;2026-02-23 00:00:00+00;2026-05-12 11:03:37.3628+00;2026-05-12 11:03:37.3628+00;720.00;288.00;360.00;72.00;114
eeeac148-3dcb-4e4b-8a34-fee514d73cc0;;12986cff-8b6f-47dd-90e8-cea55e97f302;5669ad23-2ca2-41b0-833e-6eab06af66c5;a327a5c0-08e8-4831-951a-6e26742caae1;1.00;1650.00;1650.00;40.00;40.00;false;;cash;pending;;2026-02-23 00:00:00+00;2026-05-12 13:32:41.23613+00;2026-05-12 13:32:41.23613+00;100.00;40.00;50.00;10.00;117
963c00fb-2554-435b-a962-b7dbd30c0700;;251ad173-2812-4d92-9ab0-93109512f960;5669ad23-2ca2-41b0-833e-6eab06af66c5;a327a5c0-08e8-4831-951a-6e26742caae1;36.00;640.00;23040.00;24.00;864.00;false;;cash;pending;;2026-02-23 00:00:00+00;2026-05-12 13:33:22.892044+00;2026-05-12 13:33:22.892044+00;2160.00;864.00;1080.00;216.00;117
ce1d7449-c89c-45e3-8af9-1867e604ebba;;251ad173-2812-4d92-9ab0-93109512f960;5f706528-4c97-4944-9dec-bce56cb93284;e3a21d57-5eb7-498b-8a43-7896ace66f37;12.00;640.00;7680.00;24.00;288.00;false;;cash;pending;;2026-02-23 00:00:00+00;2026-05-12 13:33:58.597783+00;2026-05-12 13:33:58.597783+00;720.00;288.00;360.00;72.00;118
a1c96a2b-4a14-4fc7-8a20-e3b843f02645;;12986cff-8b6f-47dd-90e8-cea55e97f302;c27bf24c-0f2e-4f46-978d-b78bdca647fd;0dc36d12-5bc6-4541-9925-5e45a6f63b46;3.00;1650.00;4950.00;40.00;120.00;false;;cash;pending;;2026-02-24 00:00:00+00;2026-05-12 13:34:43.515631+00;2026-05-12 13:34:43.515631+00;300.00;120.00;150.00;30.00;119
319d5366-7dc3-4daf-9127-97207bb2e258;;12986cff-8b6f-47dd-90e8-cea55e97f302;c27bf24c-0f2e-4f46-978d-b78bdca647fd;0dc36d12-5bc6-4541-9925-5e45a6f63b46;1.00;1650.00;1650.00;40.00;40.00;false;;cash;pending;;2026-02-24 00:00:00+00;2026-05-12 13:35:29.413624+00;2026-05-12 13:35:29.413624+00;100.00;40.00;50.00;10.00;120
b5d687d4-ca30-4355-a8b1-f35754ea1b9b;;251ad173-2812-4d92-9ab0-93109512f960;5e0974e5-11d9-47e9-a708-35a1031daacd;e3a21d57-5eb7-498b-8a43-7896ace66f37;12.00;640.00;7680.00;24.00;288.00;false;;cash;pending;;2026-02-24 00:00:00+00;2026-05-12 13:36:22.860389+00;2026-05-12 13:36:22.860389+00;720.00;288.00;360.00;72.00;122
3f00657d-cff6-4453-93ef-c448c4726d79;;251ad173-2812-4d92-9ab0-93109512f960;819bbef5-07c1-49fd-a959-694d6a8ff044;d93ebb86-dbe6-4e37-a514-4d8f8d66b55d;9.00;640.00;5760.00;24.00;216.00;false;;cash;pending;;2026-02-24 00:00:00+00;2026-05-12 13:37:02.620832+00;2026-05-12 13:37:02.620832+00;540.00;216.00;270.00;54.00;123
06427b79-216a-4add-a222-178a7b0d2dc8;;545a22dd-6ab2-404b-86ce-06d37702cfc5;819bbef5-07c1-49fd-a959-694d6a8ff044;d93ebb86-dbe6-4e37-a514-4d8f8d66b55d;2.00;640.00;1280.00;24.00;48.00;false;;cash;pending;;2026-02-24 00:00:00+00;2026-05-12 13:37:57.211685+00;2026-05-12 13:37:57.211685+00;120.00;48.00;60.00;12.00;123
34fd25d7-9ce1-4b86-8452-9a4c62016720;;8880c4a9-bde2-44c3-8b59-2547abd0811d;819bbef5-07c1-49fd-a959-694d6a8ff044;d93ebb86-dbe6-4e37-a514-4d8f8d66b55d;3.00;740.00;2220.00;20.00;60.00;false;;cash;pending;;2026-02-24 00:00:00+00;2026-05-12 13:38:34.115504+00;2026-05-12 13:38:34.115504+00;150.00;60.00;75.00;15.00;123
95704ec2-c0c1-4df8-8850-76b925be5984;;251ad173-2812-4d92-9ab0-93109512f960;c54028c8-8de2-493d-9a07-ad545195595a;bb953367-d245-4fdf-9904-147062ed507b;12.00;640.00;7680.00;24.00;288.00;false;;cash;pending;;2026-02-24 00:00:00+00;2026-05-12 13:39:27.542214+00;2026-05-12 13:39:27.542214+00;720.00;288.00;360.00;72.00;124
76d36c9d-46c9-4713-9937-4baa72a5d01d;;545a22dd-6ab2-404b-86ce-06d37702cfc5;8af08a10-5cc5-4ed3-97e0-9fdacbd61e14;20ecccba-25b9-45b9-832b-3abcbae214e9;3.00;640.00;1920.00;24.00;72.00;false;;cash;pending;;2026-02-24 00:00:00+00;2026-05-12 13:41:38.654862+00;2026-05-12 13:41:38.654862+00;180.00;72.00;90.00;18.00;126
8d24bccb-6a2c-4876-956d-41b9f5028982;;12986cff-8b6f-47dd-90e8-cea55e97f302;5669ad23-2ca2-41b0-833e-6eab06af66c5;a327a5c0-08e8-4831-951a-6e26742caae1;4.00;1650.00;6600.00;40.00;160.00;false;;cash;pending;;2026-02-25 00:00:00+00;2026-05-12 13:42:20.375254+00;2026-05-12 13:42:20.375254+00;400.00;160.00;200.00;40.00;127
a7bb0f1c-1ea8-4cb6-af7c-941f6583203f;;e4a4f923-a91f-4557-a50f-73b696ad75fb;5669ad23-2ca2-41b0-833e-6eab06af66c5;a327a5c0-08e8-4831-951a-6e26742caae1;12.00;640.00;7680.00;24.00;288.00;false;;cash;pending;;2026-02-25 00:00:00+00;2026-05-12 13:43:00.921046+00;2026-05-12 13:43:00.921046+00;720.00;288.00;360.00;72.00;127
b67cd188-aaa8-4346-952f-fe2ed02f9536;;e4a4f923-a91f-4557-a50f-73b696ad75fb;2d5cb8bd-c42a-4231-a32c-878884dae801;407dfb1d-c9ee-4346-833c-dda3becf9287;1.00;640.00;640.00;24.00;24.00;false;;cash;pending;;2026-02-25 00:00:00+00;2026-05-12 13:44:43.940959+00;2026-05-12 13:44:43.940959+00;60.00;24.00;30.00;6.00;130
13d5863a-1734-4878-9364-c62c75eb161a;;e4a4f923-a91f-4557-a50f-73b696ad75fb;960ceedb-bf3a-4df7-81fd-670f48de81b9;ac8b1bba-f1a8-43dc-9535-608804f6eafe;24.00;640.00;15360.00;24.00;576.00;false;;cash;pending;;2026-02-26 00:00:00+00;2026-05-12 13:46:11.526334+00;2026-05-12 13:46:11.526334+00;1440.00;576.00;720.00;144.00;133
d68e1091-c9d0-45d0-a4f8-871e12bb36b7;;251ad173-2812-4d92-9ab0-93109512f960;960ceedb-bf3a-4df7-81fd-670f48de81b9;ac8b1bba-f1a8-43dc-9535-608804f6eafe;36.00;640.00;23040.00;24.00;864.00;false;;cash;pending;;2026-02-26 00:00:00+00;2026-05-12 13:46:45.073775+00;2026-05-12 13:46:45.073775+00;2160.00;864.00;1080.00;216.00;133
5bbd9775-9ba7-4416-8a86-ca2e73e6af00;;251ad173-2812-4d92-9ab0-93109512f960;5e0974e5-11d9-47e9-a708-35a1031daacd;e3a21d57-5eb7-498b-8a43-7896ace66f37;12.00;640.00;7680.00;24.00;288.00;false;;cash;pending;;2026-02-26 00:00:00+00;2026-05-12 13:47:23.51163+00;2026-05-12 13:47:23.51163+00;720.00;288.00;360.00;72.00;134
17749504-659f-4229-8767-dd462544ac1c;;12986cff-8b6f-47dd-90e8-cea55e97f302;5669ad23-2ca2-41b0-833e-6eab06af66c5;a327a5c0-08e8-4831-951a-6e26742caae1;2.00;1650.00;3300.00;40.00;80.00;false;;cash;pending;;2026-02-28 00:00:00+00;2026-05-12 13:48:07.735117+00;2026-05-12 13:48:07.735117+00;200.00;80.00;100.00;20.00;135
65991cf6-da23-4017-b8a8-54ef1520ea73;;251ad173-2812-4d92-9ab0-93109512f960;5669ad23-2ca2-41b0-833e-6eab06af66c5;a327a5c0-08e8-4831-951a-6e26742caae1;36.00;640.00;23040.00;24.00;864.00;false;;cash;pending;;2026-02-28 00:00:00+00;2026-05-12 13:49:26.726168+00;2026-05-12 13:49:26.726168+00;2160.00;864.00;1080.00;216.00;135
5ad23a3f-675b-40e8-9548-d859e1850cf3;;251ad173-2812-4d92-9ab0-93109512f960;3244f14a-889d-49ca-8e72-9a44bb88cbd8;0dc36d12-5bc6-4541-9925-5e45a6f63b46;48.00;640.00;30720.00;24.00;1152.00;false;;cash;pending;;2026-02-28 00:00:00+00;2026-05-12 13:51:12.589076+00;2026-05-12 13:51:12.589076+00;2880.00;1152.00;1440.00;288.00;137
4bf7d4b1-e75c-4fde-aba6-f3059325927b;;251ad173-2812-4d92-9ab0-93109512f960;8a8abe9c-69f9-448c-b276-26913758f773;a327a5c0-08e8-4831-951a-6e26742caae1;6.00;640.00;3840.00;24.00;144.00;false;;cash;pending;;2026-02-28 00:00:00+00;2026-05-12 13:51:52.375913+00;2026-05-12 13:51:52.375913+00;360.00;144.00;180.00;36.00;138
384bd4dd-121e-49b7-9333-6c996dcec22a;;e4a4f923-a91f-4557-a50f-73b696ad75fb;8a8abe9c-69f9-448c-b276-26913758f773;a327a5c0-08e8-4831-951a-6e26742caae1;6.00;640.00;3840.00;24.00;144.00;false;;cash;pending;;2026-02-28 00:00:00+00;2026-05-12 13:52:27.593475+00;2026-05-12 13:52:27.593475+00;360.00;144.00;180.00;36.00;138
f4f9aab8-843b-45df-a1c7-3644071c41ac;;251ad173-2812-4d92-9ab0-93109512f960;c27bf24c-0f2e-4f46-978d-b78bdca647fd;0dc36d12-5bc6-4541-9925-5e45a6f63b46;8.00;640.00;5120.00;24.00;192.00;false;;cash;pending;;2026-02-28 00:00:00+00;2026-05-12 13:52:58.927432+00;2026-05-12 13:53:23.034274+00;480.00;192.00;240.00;48.00;139
59622e87-fb71-4b2d-b02b-72a6e37dd228;;e4a4f923-a91f-4557-a50f-73b696ad75fb;c27bf24c-0f2e-4f46-978d-b78bdca647fd;0dc36d12-5bc6-4541-9925-5e45a6f63b46;4.00;640.00;2560.00;24.00;96.00;false;;cash;pending;;2026-02-28 00:00:00+00;2026-05-12 13:54:13.301804+00;2026-05-12 13:54:13.301804+00;240.00;96.00;120.00;24.00;139
aa158517-6da9-4f7f-87fa-12bc8bbf00a2;;251ad173-2812-4d92-9ab0-93109512f960;3fccbb31-ace0-4d17-bcf7-697af2590e73;d93ebb86-dbe6-4e37-a514-4d8f8d66b55d;12.00;640.00;7680.00;24.00;288.00;false;;cash;pending;;2026-02-28 00:00:00+00;2026-05-12 14:32:00.693161+00;2026-05-12 14:32:00.693161+00;720.00;288.00;360.00;72.00;141
eb486743-a3ed-4205-8783-9589bcbd4b9a;;251ad173-2812-4d92-9ab0-93109512f960;1acf5b0b-6271-4997-ab5c-f4aa4b6368a1;0dc36d12-5bc6-4541-9925-5e45a6f63b46;12.00;640.00;7680.00;24.00;288.00;false;;cash;pending;;2026-03-02 00:00:00+00;2026-05-13 06:54:06.42928+00;2026-05-13 06:54:06.42928+00;720.00;288.00;360.00;72.00;142
4f7d334c-9df2-44e3-a1ac-160bf8dec5e3;;12986cff-8b6f-47dd-90e8-cea55e97f302;5669ad23-2ca2-41b0-833e-6eab06af66c5;a327a5c0-08e8-4831-951a-6e26742caae1;1.00;1650.00;1650.00;40.00;40.00;false;;cash;pending;;2026-03-03 00:00:00+00;2026-05-13 06:55:33.83711+00;2026-05-13 06:55:33.83711+00;100.00;40.00;50.00;10.00;144
804d8d9a-4e94-427c-9c95-14fc57f04b09;;251ad173-2812-4d92-9ab0-93109512f960;5669ad23-2ca2-41b0-833e-6eab06af66c5;a327a5c0-08e8-4831-951a-6e26742caae1;24.00;640.00;15360.00;24.00;576.00;false;;cash;pending;;2026-03-03 00:00:00+00;2026-05-13 06:56:46.791541+00;2026-05-13 06:56:46.791541+00;1440.00;576.00;720.00;144.00;144
5954fd31-4cc8-4245-9ee9-e155f831e00f;;545a22dd-6ab2-404b-86ce-06d37702cfc5;667f98b1-b57c-401d-b571-5201b103df59;20ecccba-25b9-45b9-832b-3abcbae214e9;12.00;640.00;7680.00;24.00;288.00;false;;cash;pending;;2026-03-03 00:00:00+00;2026-05-13 06:59:25.606107+00;2026-05-13 06:59:25.606107+00;720.00;288.00;360.00;72.00;145
0c393208-3bc5-4eb7-b132-49d5c53fe59d;;251ad173-2812-4d92-9ab0-93109512f960;667f98b1-b57c-401d-b571-5201b103df59;20ecccba-25b9-45b9-832b-3abcbae214e9;12.00;640.00;7680.00;24.00;288.00;false;;cash;pending;;2026-03-03 00:00:00+00;2026-05-13 07:00:12.876126+00;2026-05-13 07:00:12.876126+00;720.00;288.00;360.00;72.00;145
21ef113d-6b15-4724-bc5a-d8a37aa4f991;;251ad173-2812-4d92-9ab0-93109512f960;3244f14a-889d-49ca-8e72-9a44bb88cbd8;0dc36d12-5bc6-4541-9925-5e45a6f63b46;24.00;640.00;15360.00;24.00;576.00;false;;cash;pending;;2026-03-03 00:00:00+00;2026-05-13 07:03:12.07151+00;2026-05-13 07:03:12.07151+00;1440.00;576.00;720.00;144.00;146
809e9655-081d-4a7f-bb8b-90f703f633ba;;251ad173-2812-4d92-9ab0-93109512f960;c54028c8-8de2-493d-9a07-ad545195595a;bb953367-d245-4fdf-9904-147062ed507b;4.00;640.00;2560.00;24.00;96.00;false;;cash;pending;;2026-03-04 00:00:00+00;2026-05-13 07:05:00.345961+00;2026-05-13 07:05:00.345961+00;240.00;96.00;120.00;24.00;149
9b3680cb-90ff-4a12-9503-fc062c1ff73a;;12986cff-8b6f-47dd-90e8-cea55e97f302;32161535-e9b2-471a-906d-acfa2da7a809;24ac350e-1978-44c6-a1cd-8d269b0325e7;1.00;1650.00;1650.00;40.00;40.00;false;;cash;pending;;2026-03-05 00:00:00+00;2026-05-13 07:11:58.2645+00;2026-05-13 07:11:58.2645+00;100.00;40.00;50.00;10.00;151
db6df477-77e4-49a4-bc90-dbdffd1e6d42;;251ad173-2812-4d92-9ab0-93109512f960;32161535-e9b2-471a-906d-acfa2da7a809;24ac350e-1978-44c6-a1cd-8d269b0325e7;7.00;640.00;4480.00;24.00;168.00;false;;cash;pending;;2026-03-05 00:00:00+00;2026-05-13 07:12:42.595252+00;2026-05-13 07:12:42.595252+00;420.00;168.00;210.00;42.00;151
6f1070b9-8691-4751-b5a0-c4344566dbe3;;8880c4a9-bde2-44c3-8b59-2547abd0811d;9c42c7f1-789e-4dea-b63d-1dd13815dd79;24ac350e-1978-44c6-a1cd-8d269b0325e7;1.00;740.00;740.00;20.00;20.00;false;;cash;pending;;2026-03-05 00:00:00+00;2026-05-13 07:13:37.364978+00;2026-05-13 07:13:37.364978+00;50.00;20.00;25.00;5.00;152
d465850c-945a-4d2a-ae0c-7d20ec91b3e6;;251ad173-2812-4d92-9ab0-93109512f960;5669ad23-2ca2-41b0-833e-6eab06af66c5;a327a5c0-08e8-4831-951a-6e26742caae1;36.00;640.00;23040.00;24.00;864.00;false;;cash;pending;;2026-03-05 00:00:00+00;2026-05-13 07:15:20.340174+00;2026-05-13 07:15:20.340174+00;2160.00;864.00;1080.00;216.00;153
1b3ec62e-af47-462e-bfb2-aae9e70b372e;;251ad173-2812-4d92-9ab0-93109512f960;3244f14a-889d-49ca-8e72-9a44bb88cbd8;0dc36d12-5bc6-4541-9925-5e45a6f63b46;36.00;640.00;23040.00;24.00;864.00;false;;cash;pending;;2026-03-07 00:00:00+00;2026-05-13 07:21:51.034476+00;2026-05-13 07:21:51.034476+00;2160.00;864.00;1080.00;216.00;155
f21ebab9-ec3c-4fec-8255-7930def01baa;;251ad173-2812-4d92-9ab0-93109512f960;9c42c7f1-789e-4dea-b63d-1dd13815dd79;24ac350e-1978-44c6-a1cd-8d269b0325e7;24.00;640.00;15360.00;24.00;576.00;false;;cash;pending;;2026-03-07 00:00:00+00;2026-05-13 07:23:23.932305+00;2026-05-13 07:23:23.932305+00;1440.00;576.00;720.00;144.00;157
8ea8eb16-60c4-4d7f-92f9-93c95675a271;;251ad173-2812-4d92-9ab0-93109512f960;667f98b1-b57c-401d-b571-5201b103df59;20ecccba-25b9-45b9-832b-3abcbae214e9;12.00;640.00;7680.00;24.00;288.00;false;;cash;pending;;2026-03-07 00:00:00+00;2026-05-13 07:24:07.810058+00;2026-05-13 07:24:07.810058+00;720.00;288.00;360.00;72.00;158
93ac94fd-83a2-4c48-acb0-a97b082cc173;;251ad173-2812-4d92-9ab0-93109512f960;8af08a10-5cc5-4ed3-97e0-9fdacbd61e14;20ecccba-25b9-45b9-832b-3abcbae214e9;12.00;640.00;7680.00;24.00;288.00;false;;cash;pending;;2026-03-07 00:00:00+00;2026-05-13 07:25:04.761639+00;2026-05-13 07:25:04.761639+00;720.00;288.00;360.00;72.00;159
cb821bc9-cec4-4322-8511-fa496eacd247;;12986cff-8b6f-47dd-90e8-cea55e97f302;5e0974e5-11d9-47e9-a708-35a1031daacd;e3a21d57-5eb7-498b-8a43-7896ace66f37;1.00;1650.00;1650.00;40.00;40.00;false;;cash;pending;;2026-03-10 00:00:00+00;2026-05-13 07:25:51.259264+00;2026-05-13 07:25:51.259264+00;100.00;40.00;50.00;10.00;160
46c3f0ce-05ee-4a90-a9b8-9fe25b6fda91;;71537261-b795-4ae3-8562-13ddb376b6a4;5e0974e5-11d9-47e9-a708-35a1031daacd;e3a21d57-5eb7-498b-8a43-7896ace66f37;4.00;650.00;2600.00;32.00;128.00;false;;cash;pending;;2026-03-10 00:00:00+00;2026-05-13 07:26:46.108094+00;2026-05-13 07:26:46.108094+00;320.00;128.00;160.00;32.00;160
f1c020e7-a58e-4e04-b511-53f9ffe37414;;12986cff-8b6f-47dd-90e8-cea55e97f302;32161535-e9b2-471a-906d-acfa2da7a809;24ac350e-1978-44c6-a1cd-8d269b0325e7;1.00;1650.00;1650.00;40.00;40.00;false;;cash;pending;;2026-03-10 00:00:00+00;2026-05-13 07:28:15.907735+00;2026-05-13 07:28:15.907735+00;100.00;40.00;50.00;10.00;161
5b62c2bb-113f-44cd-9330-44960877f18c;;12986cff-8b6f-47dd-90e8-cea55e97f302;5f706528-4c97-4944-9dec-bce56cb93284;e3a21d57-5eb7-498b-8a43-7896ace66f37;1.00;1650.00;1650.00;40.00;40.00;false;;cash;pending;;2026-03-10 00:00:00+00;2026-05-13 07:29:34.388784+00;2026-05-13 07:29:34.388784+00;100.00;40.00;50.00;10.00;162
e961a935-0b5f-4db3-ae70-2c73258702c0;;12986cff-8b6f-47dd-90e8-cea55e97f302;c54028c8-8de2-493d-9a07-ad545195595a;bb953367-d245-4fdf-9904-147062ed507b;1.00;1650.00;1650.00;40.00;40.00;false;;cash;pending;;2026-03-10 00:00:00+00;2026-05-13 07:30:42.986007+00;2026-05-13 07:30:42.986007+00;100.00;40.00;50.00;10.00;163
e48a3140-63d5-40d0-8d1c-5799f2816e46;;251ad173-2812-4d92-9ab0-93109512f960;3244f14a-889d-49ca-8e72-9a44bb88cbd8;0dc36d12-5bc6-4541-9925-5e45a6f63b46;36.00;640.00;23040.00;24.00;864.00;false;;cash;pending;;2026-03-11 00:00:00+00;2026-05-13 07:31:33.058714+00;2026-05-13 07:31:33.058714+00;2160.00;864.00;1080.00;216.00;164
0af16b6e-9b20-4745-9d9e-eb40b7dcfac6;;251ad173-2812-4d92-9ab0-93109512f960;7a755f14-4a62-437a-94fe-745665ccd313;ac8b1bba-f1a8-43dc-9535-608804f6eafe;12.00;640.00;7680.00;24.00;288.00;false;;cash;pending;;2026-03-11 00:00:00+00;2026-05-13 07:32:42.956095+00;2026-05-13 07:32:42.956095+00;720.00;288.00;360.00;72.00;166
bb17064f-9f93-4f96-bc2d-f0a508daf367;;251ad173-2812-4d92-9ab0-93109512f960;960ceedb-bf3a-4df7-81fd-670f48de81b9;ac8b1bba-f1a8-43dc-9535-608804f6eafe;48.00;640.00;30720.00;24.00;1152.00;false;;cash;pending;;2026-03-11 00:00:00+00;2026-05-13 07:33:54.498611+00;2026-05-13 07:33:54.498611+00;2880.00;1152.00;1440.00;288.00;167
b7ba7f50-6a7d-41a3-ba93-213d64fe9373;;251ad173-2812-4d92-9ab0-93109512f960;9c42c7f1-789e-4dea-b63d-1dd13815dd79;24ac350e-1978-44c6-a1cd-8d269b0325e7;24.00;640.00;15360.00;24.00;576.00;false;;cash;pending;;2026-03-11 00:00:00+00;2026-05-13 07:34:58.057811+00;2026-05-13 07:34:58.057811+00;1440.00;576.00;720.00;144.00;168
0685beea-b553-4573-8135-2d064b4780fd;;251ad173-2812-4d92-9ab0-93109512f960;5669ad23-2ca2-41b0-833e-6eab06af66c5;a327a5c0-08e8-4831-951a-6e26742caae1;24.00;640.00;15360.00;24.00;576.00;false;;cash;pending;;2026-03-11 00:00:00+00;2026-05-13 07:35:47.782297+00;2026-05-13 07:35:47.782297+00;1440.00;576.00;720.00;144.00;169
1d164dbe-b4ea-486d-9a24-84d28a8a1033;;8880c4a9-bde2-44c3-8b59-2547abd0811d;5669ad23-2ca2-41b0-833e-6eab06af66c5;a327a5c0-08e8-4831-951a-6e26742caae1;2.00;740.00;1480.00;20.00;40.00;false;;cash;pending;;2026-03-11 00:00:00+00;2026-05-13 07:36:30.335942+00;2026-05-13 07:36:30.335942+00;100.00;40.00;50.00;10.00;169
be948564-703b-42f0-b639-beaf34bb6c33;;e4a4f923-a91f-4557-a50f-73b696ad75fb;5669ad23-2ca2-41b0-833e-6eab06af66c5;a327a5c0-08e8-4831-951a-6e26742caae1;5.00;640.00;3200.00;24.00;120.00;false;;cash;pending;;2026-03-11 00:00:00+00;2026-05-13 07:37:19.157297+00;2026-05-13 07:37:19.157297+00;300.00;120.00;150.00;30.00;169
80251012-fb09-46a9-a61d-9fcff4c65d94;;251ad173-2812-4d92-9ab0-93109512f960;8af08a10-5cc5-4ed3-97e0-9fdacbd61e14;20ecccba-25b9-45b9-832b-3abcbae214e9;2.00;640.00;1280.00;24.00;48.00;false;;cash;pending;;2026-03-12 00:00:00+00;2026-05-13 07:38:06.817184+00;2026-05-13 07:38:06.817184+00;120.00;48.00;60.00;12.00;170
d5948820-c6cc-4e3d-b6e3-0b9e2b182fb1;;8880c4a9-bde2-44c3-8b59-2547abd0811d;819bbef5-07c1-49fd-a959-694d6a8ff044;d93ebb86-dbe6-4e37-a514-4d8f8d66b55d;1.00;740.00;740.00;20.00;20.00;false;;cash;pending;;2026-03-12 00:00:00+00;2026-05-13 07:39:09.684089+00;2026-05-13 07:39:09.684089+00;50.00;20.00;25.00;5.00;171
3624499d-4d2b-45e5-85d8-0d8b99f9f501;;e4a4f923-a91f-4557-a50f-73b696ad75fb;5669ad23-2ca2-41b0-833e-6eab06af66c5;a327a5c0-08e8-4831-951a-6e26742caae1;5.00;640.00;3200.00;24.00;120.00;false;;cash;pending;;2026-03-12 00:00:00+00;2026-05-13 07:40:28.096778+00;2026-05-13 07:40:28.096778+00;300.00;120.00;150.00;30.00;172
f63dd5b5-b803-4b79-a654-330a4836247b;;251ad173-2812-4d92-9ab0-93109512f960;c27bf24c-0f2e-4f46-978d-b78bdca647fd;0dc36d12-5bc6-4541-9925-5e45a6f63b46;12.00;640.00;7680.00;24.00;288.00;false;;cash;pending;;2026-03-12 00:00:00+00;2026-05-13 07:41:58.022511+00;2026-05-13 07:41:58.022511+00;720.00;288.00;360.00;72.00;173
714ed27f-25fb-476d-b149-407918b22111;;e4a4f923-a91f-4557-a50f-73b696ad75fb;8af08a10-5cc5-4ed3-97e0-9fdacbd61e14;20ecccba-25b9-45b9-832b-3abcbae214e9;5.00;640.00;3200.00;24.00;120.00;false;;cash;pending;;2026-03-13 00:00:00+00;2026-05-13 07:42:44.475406+00;2026-05-13 07:42:44.475406+00;300.00;120.00;150.00;30.00;174
1217aa6a-cc85-43d7-addf-ca4b83d0c57f;;251ad173-2812-4d92-9ab0-93109512f960;1eaea81b-b991-497c-8d2d-7667ca312d34;bb953367-d245-4fdf-9904-147062ed507b;6.00;640.00;3840.00;24.00;144.00;false;;cash;pending;;2026-03-16 00:00:00+00;2026-05-13 07:44:30.683687+00;2026-05-13 07:44:30.683687+00;360.00;144.00;180.00;36.00;178
b642089d-ef14-4abb-bb2f-80ef77365ef2;;251ad173-2812-4d92-9ab0-93109512f960;5f706528-4c97-4944-9dec-bce56cb93284;e3a21d57-5eb7-498b-8a43-7896ace66f37;24.00;640.00;15360.00;24.00;576.00;false;;cash;pending;;2026-03-16 00:00:00+00;2026-05-13 07:45:30.738995+00;2026-05-13 07:45:30.738995+00;1440.00;576.00;720.00;144.00;179
369013d8-a6d5-4782-a059-df6a274dd1eb;;251ad173-2812-4d92-9ab0-93109512f960;7a755f14-4a62-437a-94fe-745665ccd313;ac8b1bba-f1a8-43dc-9535-608804f6eafe;18.00;640.00;11520.00;24.00;432.00;false;;cash;pending;;2026-03-16 00:00:00+00;2026-05-13 07:46:38.549848+00;2026-05-13 07:46:38.549848+00;1080.00;432.00;540.00;108.00;180
a10cdaee-18ae-478d-a760-222d921180af;;251ad173-2812-4d92-9ab0-93109512f960;8af08a10-5cc5-4ed3-97e0-9fdacbd61e14;20ecccba-25b9-45b9-832b-3abcbae214e9;12.00;640.00;7680.00;24.00;288.00;false;;cash;pending;;2026-03-16 00:00:00+00;2026-05-13 07:47:58.962728+00;2026-05-13 07:47:58.962728+00;720.00;288.00;360.00;72.00;182
98b779f4-9b5d-4808-b3b9-9e58b6c3ce2b;;251ad173-2812-4d92-9ab0-93109512f960;667f98b1-b57c-401d-b571-5201b103df59;20ecccba-25b9-45b9-832b-3abcbae214e9;12.00;640.00;7680.00;24.00;288.00;false;;cash;pending;;2026-03-16 00:00:00+00;2026-05-13 07:49:18.125076+00;2026-05-13 07:49:18.125076+00;720.00;288.00;360.00;72.00;183
2b78d508-1efc-4b9c-96ad-1b5e0f27064d;;12986cff-8b6f-47dd-90e8-cea55e97f302;f10a544f-834c-4ee6-b9fc-4e3387df03a5;a327a5c0-08e8-4831-951a-6e26742caae1;4.00;1650.00;6600.00;40.00;160.00;false;;cash;pending;;2026-03-16 00:00:00+00;2026-05-13 07:50:25.724716+00;2026-05-13 07:50:25.724716+00;400.00;160.00;200.00;40.00;48
588d6471-7b75-4832-b51c-7a3e57c0f1d1;;251ad173-2812-4d92-9ab0-93109512f960;5669ad23-2ca2-41b0-833e-6eab06af66c5;a327a5c0-08e8-4831-951a-6e26742caae1;12.00;640.00;7680.00;24.00;288.00;false;;cash;pending;;2026-03-16 00:00:00+00;2026-05-13 07:51:34.423351+00;2026-05-13 07:51:34.423351+00;720.00;288.00;360.00;72.00;185
3287ed70-2ccd-462f-ac37-b3c144752374;;251ad173-2812-4d92-9ab0-93109512f960;9c42c7f1-789e-4dea-b63d-1dd13815dd79;24ac350e-1978-44c6-a1cd-8d269b0325e7;12.00;640.00;7680.00;24.00;288.00;false;;cash;pending;;2026-03-16 00:00:00+00;2026-05-13 07:54:18.254329+00;2026-05-13 07:54:18.254329+00;720.00;288.00;360.00;72.00;186
3e7065ba-ffea-4204-a15a-4b9fbde105ad;;251ad173-2812-4d92-9ab0-93109512f960;5669ad23-2ca2-41b0-833e-6eab06af66c5;a327a5c0-08e8-4831-951a-6e26742caae1;12.00;640.00;7680.00;24.00;288.00;false;;cash;pending;;2026-03-17 00:00:00+00;2026-05-13 07:55:11.774331+00;2026-05-13 07:55:11.774331+00;720.00;288.00;360.00;72.00;187
8bb97581-c6c0-449a-924f-84b82f25e5eb;;251ad173-2812-4d92-9ab0-93109512f960;5669ad23-2ca2-41b0-833e-6eab06af66c5;a327a5c0-08e8-4831-951a-6e26742caae1;24.00;640.00;15360.00;24.00;576.00;false;;cash;pending;;2026-03-18 00:00:00+00;2026-05-13 07:58:15.79653+00;2026-05-13 07:58:15.79653+00;1440.00;576.00;720.00;144.00;189
e33bc568-ccc1-414b-b162-198eceea4143;;12986cff-8b6f-47dd-90e8-cea55e97f302;f10a544f-834c-4ee6-b9fc-4e3387df03a5;a327a5c0-08e8-4831-951a-6e26742caae1;2.00;1650.00;3300.00;40.00;80.00;false;;cash;pending;;2026-03-19 00:00:00+00;2026-05-13 07:59:41.624774+00;2026-05-13 07:59:41.624774+00;200.00;80.00;100.00;20.00;192
72738cb5-f0e4-4cf6-b875-803562f17a26;;251ad173-2812-4d92-9ab0-93109512f960;f10a544f-834c-4ee6-b9fc-4e3387df03a5;a327a5c0-08e8-4831-951a-6e26742caae1;24.00;640.00;15360.00;24.00;576.00;false;;cash;pending;;2026-03-19 00:00:00+00;2026-05-13 08:00:41.376519+00;2026-05-13 08:00:41.376519+00;1440.00;576.00;720.00;144.00;192
d7d163e0-7187-4891-b431-2e2a5699e7c5;;251ad173-2812-4d92-9ab0-93109512f960;5669ad23-2ca2-41b0-833e-6eab06af66c5;a327a5c0-08e8-4831-951a-6e26742caae1;12.00;640.00;7680.00;24.00;288.00;false;;cash;pending;;2026-03-19 00:00:00+00;2026-05-13 08:02:17.843866+00;2026-05-13 08:02:17.843866+00;720.00;288.00;360.00;72.00;195
b104f81f-5c3c-4e4c-a41d-f62c0fb43440;;12986cff-8b6f-47dd-90e8-cea55e97f302;3fccbb31-ace0-4d17-bcf7-697af2590e73;d93ebb86-dbe6-4e37-a514-4d8f8d66b55d;1.00;1650.00;1650.00;40.00;40.00;false;;cash;pending;;2026-03-19 00:00:00+00;2026-05-13 08:03:27.211658+00;2026-05-13 08:03:27.211658+00;100.00;40.00;50.00;10.00;198
b2bf111d-0557-4d66-b750-e57244673fb7;;12986cff-8b6f-47dd-90e8-cea55e97f302;819bbef5-07c1-49fd-a959-694d6a8ff044;d93ebb86-dbe6-4e37-a514-4d8f8d66b55d;1.00;1650.00;1650.00;40.00;40.00;false;;cash;pending;;2026-03-19 00:00:00+00;2026-05-13 08:04:07.977709+00;2026-05-13 08:04:07.977709+00;100.00;40.00;50.00;10.00;199
3213ded7-8b6c-4dec-a912-19852a6a3088;;251ad173-2812-4d92-9ab0-93109512f960;5669ad23-2ca2-41b0-833e-6eab06af66c5;a327a5c0-08e8-4831-951a-6e26742caae1;24.00;640.00;15360.00;24.00;576.00;false;;cash;pending;;2026-03-23 00:00:00+00;2026-05-13 08:05:01.71448+00;2026-05-13 08:05:01.71448+00;1440.00;576.00;720.00;144.00;200