id;tot_id;local_mr_id;assigned_at;status
bd04670b-ba00-4bbf-abc2-aad6305eacf2;bdb9edf6-a79a-4815-9d4a-151a66565b16;407dfb1d-c9ee-4346-833c-dda3becf9287;2026-05-06 08:53:42.844449+00;active
99e7b77a-41a7-4b0d-a979-29bf6e28c02f;2d5cb8bd-c42a-4231-a32c-878884dae801;407dfb1d-c9ee-4346-833c-dda3becf9287;2026-05-06 08:56:02.88861+00;active
af7b01e7-36fd-4ac0-8605-e71ff5b948fe;5669ad23-2ca2-41b0-833e-6eab06af66c5;a327a5c0-08e8-4831-951a-6e26742caae1;2026-05-06 09:04:06.027017+00;active
0801f09f-53f7-47c8-97f0-2c1928dfc127;8a8abe9c-69f9-448c-b276-26913758f773;a327a5c0-08e8-4831-951a-6e26742caae1;2026-05-06 09:08:26.907934+00;active
1db87d92-e339-47f8-9012-4de16e826446;facc13a2-91aa-4d8b-97af-9b13f6c1792c;24ac350e-1978-44c6-a1cd-8d269b0325e7;2026-05-06 09:16:28.042392+00;active
81abf288-8014-4809-9cbf-7ff86d020e77;a5b2b98f-db86-4edf-a692-c786ac347397;24ac350e-1978-44c6-a1cd-8d269b0325e7;2026-05-06 09:18:39.445196+00;active
c44098e0-903c-4d91-94c7-257d4f70d548;601e5f91-8f1a-4fcd-a5fc-30c64ab5c235;0dc36d12-5bc6-4541-9925-5e45a6f63b46;2026-05-06 09:20:31.227252+00;active
711db240-1268-4d93-afd1-ade502cec8d5;c27bf24c-0f2e-4f46-978d-b78bdca647fd;0dc36d12-5bc6-4541-9925-5e45a6f63b46;2026-05-06 09:21:56.006884+00;active
9b037e99-9678-4794-b802-2ce997d83387;1acf5b0b-6271-4997-ab5c-f4aa4b6368a1;0dc36d12-5bc6-4541-9925-5e45a6f63b46;2026-05-06 09:23:55.153713+00;active
015300bb-1de6-4fb7-a8b9-605f61c33995;667f98b1-b57c-401d-b571-5201b103df59;20ecccba-25b9-45b9-832b-3abcbae214e9;2026-05-06 09:31:29.267205+00;active
b762a241-e2e9-439f-a287-fd8207930f3a;8af08a10-5cc5-4ed3-97e0-9fdacbd61e14;20ecccba-25b9-45b9-832b-3abcbae214e9;2026-05-06 09:36:10.531065+00;active
9fae581f-d759-452e-93f5-5a76c2a2d6a3;5f706528-4c97-4944-9dec-bce56cb93284;e3a21d57-5eb7-498b-8a43-7896ace66f37;2026-05-06 09:39:23.468623+00;active
bb57d912-9220-475b-9d29-3be627536d1a;5e0974e5-11d9-47e9-a708-35a1031daacd;e3a21d57-5eb7-498b-8a43-7896ace66f37;2026-05-06 09:45:45.055501+00;active
449ce725-7347-4ad4-a3af-e2510ba4f32d;60f93cfd-501b-4f04-88ab-0229d3e51509;bb953367-d245-4fdf-9904-147062ed507b;2026-05-06 09:52:32.750476+00;active
7ec11f84-db19-4c19-a08b-e224c6dc18a7;1eaea81b-b991-497c-8d2d-7667ca312d34;bb953367-d245-4fdf-9904-147062ed507b;2026-05-06 09:59:28.185488+00;active
3e39179a-77e3-40a9-bd32-d78b560a2acf;c54028c8-8de2-493d-9a07-ad545195595a;bb953367-d245-4fdf-9904-147062ed507b;2026-05-06 10:02:09.428483+00;active
cd606ede-3fee-4279-a00e-e481c97fe28c;7a755f14-4a62-437a-94fe-745665ccd313;ac8b1bba-f1a8-43dc-9535-608804f6eafe;2026-05-06 10:07:29.055466+00;active
559b8f99-6813-47b3-bf41-aa36c11c389b;960ceedb-bf3a-4df7-81fd-670f48de81b9;ac8b1bba-f1a8-43dc-9535-608804f6eafe;2026-05-06 10:28:23.894847+00;active
1c9927d2-17ff-491e-9c3a-69895d9140df;5911e12f-50fe-4fdb-90ff-579b40df0dde;5c9def3c-7eaf-45bd-b17d-55af9b86b068;2026-05-06 10:31:59.667457+00;active
055957f7-bafa-4e6d-ab65-ed3df9185738;6109b501-c89c-4801-8955-38b1db8fa275;5c9def3c-7eaf-45bd-b17d-55af9b86b068;2026-05-06 10:38:41.977725+00;active
33132a0b-96d7-4fda-969b-0920d0c8a830;db9c95e2-ed8f-49d9-a559-121ed7eacfa5;5c9def3c-7eaf-45bd-b17d-55af9b86b068;2026-05-06 10:40:37.268051+00;active
893d444d-9a80-42eb-8a0f-6774cbeefcb4;3fccbb31-ace0-4d17-bcf7-697af2590e73;d93ebb86-dbe6-4e37-a514-4d8f8d66b55d;2026-05-06 10:45:51.386796+00;active
6cdd90c6-002b-4645-b0a9-fc649c41243e;819bbef5-07c1-49fd-a959-694d6a8ff044;d93ebb86-dbe6-4e37-a514-4d8f8d66b55d;2026-05-06 10:47:17.843486+00;active
0be68871-7f64-4c23-8f47-1d5dd9d03ae2;9c42c7f1-789e-4dea-b63d-1dd13815dd79;24ac350e-1978-44c6-a1cd-8d269b0325e7;2026-05-07 10:14:40.693817+00;active
cfa856a0-8e56-4086-8699-5217ca0e80b0;3244f14a-889d-49ca-8e72-9a44bb88cbd8;0dc36d12-5bc6-4541-9925-5e45a6f63b46;2026-05-07 10:15:47.428279+00;active
429baa54-38f8-4e57-9e38-df5e6385fcac;50db6baa-9ad5-406c-99d7-d65a4e74fb70;407dfb1d-c9ee-4346-833c-dda3becf9287;2026-05-09 11:52:08.481884+00;active
39168c2a-02ae-4933-940e-332bd8ffcb3d;17536945-501a-49a9-ab68-353ad953bd67;ac8b1bba-f1a8-43dc-9535-608804f6eafe;2026-05-10 08:44:21.656261+00;active
d60fea97-7906-4d03-93ce-a3ddd720b982;32161535-e9b2-471a-906d-acfa2da7a809;24ac350e-1978-44c6-a1cd-8d269b0325e7;2026-05-10 08:49:56.470679+00;active
c46a4735-9d78-4643-a1db-901fe3872651;f10a544f-834c-4ee6-b9fc-4e3387df03a5;a327a5c0-08e8-4831-951a-6e26742caae1;2026-05-11 10:00:16.031267+00;active