id;user_id;role;created_at
0d4fa8bf-1f19-4f3e-acaf-556abbc5f6e3;5f549baf-5bb9-4185-b4e3-48b98d943df2;admin;2025-12-31 11:43:22.829242+00
a8b2dbb0-f6ea-4cff-bb4c-c7f0ff25e4e0;f8122072-1703-43e5-8b35-fbd212fccced;manager;2026-01-21 11:21:45.36521+00
273ec377-dde6-4b9b-ada7-091966a9523e;bdb9edf6-a79a-4815-9d4a-151a66565b16;tot;2026-05-06 08:53:42.798787+00
175074b7-19d3-4673-9f66-9c39cc11e8af;2d5cb8bd-c42a-4231-a32c-878884dae801;tot;2026-05-06 08:56:02.721263+00
ccceacb2-565b-4200-a3c5-31a7dacc62b1;5669ad23-2ca2-41b0-833e-6eab06af66c5;tot;2026-05-06 09:04:05.938185+00
500483a9-0741-448d-b3fb-f01d9af09b44;8a8abe9c-69f9-448c-b276-26913758f773;tot;2026-05-06 09:08:26.842062+00
1e384f19-b25b-40d5-ac9c-ece9ac9211fe;facc13a2-91aa-4d8b-97af-9b13f6c1792c;tot;2026-05-06 09:16:27.961835+00
d8769450-b2ca-40f6-8e08-e59d6eae715e;a5b2b98f-db86-4edf-a692-c786ac347397;tot;2026-05-06 09:18:39.371323+00
1c423728-60d4-4c79-a20b-af37f622e551;601e5f91-8f1a-4fcd-a5fc-30c64ab5c235;tot;2026-05-06 09:20:31.172529+00
924a70ce-4927-4252-b566-a5f0f522fc65;c27bf24c-0f2e-4f46-978d-b78bdca647fd;tot;2026-05-06 09:21:55.938855+00
540b46bb-e6fb-49ec-9bf9-ea296c0ef5b8;1acf5b0b-6271-4997-ab5c-f4aa4b6368a1;tot;2026-05-06 09:23:55.093317+00
c5aae52e-a91d-44dc-b789-34fc83234d37;667f98b1-b57c-401d-b571-5201b103df59;tot;2026-05-06 09:31:29.073905+00
927065d6-9aca-4506-b61c-385d5e7a9c26;8af08a10-5cc5-4ed3-97e0-9fdacbd61e14;tot;2026-05-06 09:36:10.46957+00
005e2491-d8df-47ad-9126-7ff21a01cd75;5f706528-4c97-4944-9dec-bce56cb93284;tot;2026-05-06 09:39:23.411738+00
46fe724d-8ef8-4c71-ae4a-987db9575cf8;5e0974e5-11d9-47e9-a708-35a1031daacd;tot;2026-05-06 09:45:44.936269+00
83caf38f-2c0b-4a51-9056-d22dba203632;60f93cfd-501b-4f04-88ab-0229d3e51509;tot;2026-05-06 09:52:32.458595+00
0776dc1c-e2c7-4eb7-b5c6-7abf33b1a070;1eaea81b-b991-497c-8d2d-7667ca312d34;tot;2026-05-06 09:59:28.130121+00
387dadf9-dd11-49ba-b9c6-82afd5e2138f;c54028c8-8de2-493d-9a07-ad545195595a;tot;2026-05-06 10:02:09.258379+00
b8f44a11-7214-490f-96af-d3095effd658;7a755f14-4a62-437a-94fe-745665ccd313;tot;2026-05-06 10:07:29.004793+00
a6efaa2b-e95a-4b09-a660-6f0d8c239dcf;960ceedb-bf3a-4df7-81fd-670f48de81b9;tot;2026-05-06 10:28:23.859091+00
b6ae8b79-4f20-41b4-9af3-115a0063f5f0;5911e12f-50fe-4fdb-90ff-579b40df0dde;tot;2026-05-06 10:31:59.580703+00
6e6d1b75-956f-417d-b510-dc04d9eb8924;6109b501-c89c-4801-8955-38b1db8fa275;tot;2026-05-06 10:38:41.944991+00
a3f2dead-87e5-4d54-8a0b-a6cdadd722e7;db9c95e2-ed8f-49d9-a559-121ed7eacfa5;tot;2026-05-06 10:40:37.225457+00
e9f89467-247b-4a4b-b63c-0a52f41c7901;3fccbb31-ace0-4d17-bcf7-697af2590e73;tot;2026-05-06 10:45:51.186017+00
ce293136-8d3e-48d6-8510-3de6cf62d973;819bbef5-07c1-49fd-a959-694d6a8ff044;tot;2026-05-06 10:47:17.794735+00
74c084a3-5ba3-4a3f-a992-047f17232ebc;9c42c7f1-789e-4dea-b63d-1dd13815dd79;tot;2026-05-07 10:14:39.642889+00
0ddec345-0252-489d-a647-eaaf53c2d09b;3244f14a-889d-49ca-8e72-9a44bb88cbd8;tot;2026-05-07 10:15:46.604051+00
e1bf7c63-4d58-457a-b488-a3527483878c;50db6baa-9ad5-406c-99d7-d65a4e74fb70;tot;2026-05-09 11:52:08.250782+00
59d6fece-7d6d-4302-b8e4-3c71058d4bc3;17536945-501a-49a9-ab68-353ad953bd67;tot;2026-05-10 08:44:21.573706+00
64e3e775-2fb3-4ad8-a507-8e2d808b6115;32161535-e9b2-471a-906d-acfa2da7a809;tot;2026-05-10 08:49:56.409713+00
dff0f755-11c0-4551-bed6-4d7d1e639cd0;f10a544f-834c-4ee6-b9fc-4e3387df03a5;tot;2026-05-11 10:00:15.966255+00
08a6b74e-f12c-4e95-9e0f-f93bfc018922;339b4fb8-9e8b-4b80-b253-1511af3cbd79;manager;2026-05-19 11:22:05.718354+00
934ac06f-ff49-4f42-a7b1-5ad4936087c7;3ebcd349-c10a-4afa-9612-b26232dd91fd;manager;2026-05-19 11:31:55.719446+00